FLUKE 289,  V1.41,  0

Start Time,Stop Time,Elapsed Time,Interval,Total readings,Intervals,Input Events,Session Name
14/01/2026 17:00:51,14/01/2026 17:20:50,0:19:59,0:00:10,330,121,219,Save 1
Max Time,Max,Average,Min,Min Time,Scaling,
14/01/2026 17:01:02,0.4076 A DC,0.3383 A DC,0.2022 A DC,14/01/2026 17:00:53,(none)

To display full timestamps use Format Cells ‘m/d/y hh:mm:ss.0'

Reading,Sample,Start Time,Duration,Max Time,Max,Average,Min Time,Min,Description,Stop Time
1,0.3390 A DC,14/01/2026 17:00:51.0,0:00:02.0,14/01/2026 17:00:51.3,0.3478 A DC,0.3418 A DC,14/01/2026 17:00:52.6,0.3386 A DC,Stable,14/01/2026 17:00:53.0
2,0.2351 A DC,14/01/2026 17:00:53.0,0:00:00.5,14/01/2026 17:00:53.3,0.2670 A DC,0.2366 A DC,14/01/2026 17:00:53.1,0.2022 A DC,Unstable,14/01/2026 17:00:53.5
3,0.3133 A DC,14/01/2026 17:00:53.5,0:00:01.5,14/01/2026 17:00:54.3,0.3244 A DC,0.3145 A DC,14/01/2026 17:00:53.6,0.3087 A DC,Stable,14/01/2026 17:00:55.0
4,0.3424 A DC,14/01/2026 17:00:55.0,0:00:01.2,14/01/2026 17:00:56.1,0.3482 A DC,0.3257 A DC,14/01/2026 17:00:55.4,0.3184 A DC,Unstable,14/01/2026 17:00:56.2
5,0.3284 A DC,14/01/2026 17:00:56.2,0:00:04.2,14/01/2026 17:00:59.2,0.3394 A DC,0.3223 A DC,14/01/2026 17:00:57.5,0.3085 A DC,Interval,14/01/2026 17:01:00.5
6,0.3003 A DC,14/01/2026 17:01:00.5,0:00:00.3,14/01/2026 17:01:00.5,0.3003 A DC,0.2868 A DC,14/01/2026 17:01:00.7,0.2798 A DC,Unstable,14/01/2026 17:01:00.8
7,0.3276 A DC,14/01/2026 17:01:00.8,0:00:01.4,14/01/2026 17:01:01.1,0.3289 A DC,0.3143 A DC,14/01/2026 17:01:01.6,0.3091 A DC,Stable,14/01/2026 17:01:02.2
8,0.3847 A DC,14/01/2026 17:01:02.2,0:00:00.2,14/01/2026 17:01:02.3,0.4076 A DC,0.3962 A DC,14/01/2026 17:01:02.2,0.3847 A DC,Unstable,14/01/2026 17:01:02.4
9,0.3322 A DC,14/01/2026 17:01:02.4,0:00:04.9,14/01/2026 17:01:04.3,0.3480 A DC,0.3331 A DC,14/01/2026 17:01:03.0,0.3249 A DC,Stable,14/01/2026 17:01:07.3
10,0.3524 A DC,14/01/2026 17:01:07.3,0:00:01.0,14/01/2026 17:01:07.3,0.3524 A DC,0.3365 A DC,14/01/2026 17:01:07.6,0.3270 A DC,Unstable,14/01/2026 17:01:08.3
11,0.3467 A DC,14/01/2026 17:01:08.3,0:00:02.1,14/01/2026 17:01:10.3,0.3486 A DC,0.3396 A DC,14/01/2026 17:01:08.6,0.3268 A DC,Interval,14/01/2026 17:01:10.4
12,0.3462 A DC,14/01/2026 17:01:10.4,0:00:01.6,14/01/2026 17:01:11.3,0.3553 A DC,0.3452 A DC,14/01/2026 17:01:11.9,0.3328 A DC,Stable,14/01/2026 17:01:12.0
13,0.3287 A DC,14/01/2026 17:01:12.0,0:00:01.3,14/01/2026 17:01:12.3,0.3426 A DC,0.3354 A DC,14/01/2026 17:01:12.0,0.3287 A DC,Stable,14/01/2026 17:01:13.3
14,0.3527 A DC,14/01/2026 17:01:13.3,0:00:00.1,14/01/2026 17:01:13.3,0.3527 A DC,0.3527 A DC,14/01/2026 17:01:13.3,0.3527 A DC,Unstable,14/01/2026 17:01:13.4
15,0.3345 A DC,14/01/2026 17:01:13.4,0:00:03.0,14/01/2026 17:01:13.8,0.3476 A DC,0.3341 A DC,14/01/2026 17:01:14.6,0.3285 A DC,Stable,14/01/2026 17:01:16.5
16,0.3515 A DC,14/01/2026 17:01:16.5,0:00:04.0,14/01/2026 17:01:17.8,0.3571 A DC,0.3370 A DC,14/01/2026 17:01:20.2,0.3262 A DC,Interval,14/01/2026 17:01:20.5
17,0.3290 A DC,14/01/2026 17:01:20.5,0:00:01.8,14/01/2026 17:01:21.3,0.3442 A DC,0.3339 A DC,14/01/2026 17:01:21.5,0.3268 A DC,Stable,14/01/2026 17:01:22.3
18,0.3566 A DC,14/01/2026 17:01:22.3,0:00:00.1,14/01/2026 17:01:22.3,0.3566 A DC,0.3566 A DC,14/01/2026 17:01:22.3,0.3566 A DC,Unstable,14/01/2026 17:01:22.4
19,0.3379 A DC,14/01/2026 17:01:22.4,0:00:01.1,14/01/2026 17:01:23.3,0.3412 A DC,0.3355 A DC,14/01/2026 17:01:22.6,0.3312 A DC,Stable,14/01/2026 17:01:23.5
20,0.3558 A DC,14/01/2026 17:01:23.5,0:00:00.1,14/01/2026 17:01:23.5,0.3558 A DC,0.3558 A DC,14/01/2026 17:01:23.5,0.3558 A DC,Unstable,14/01/2026 17:01:23.6
21,0.3343 A DC,14/01/2026 17:01:23.6,0:00:02.6,14/01/2026 17:01:25.3,0.3458 A DC,0.3357 A DC,14/01/2026 17:01:26.0,0.3298 A DC,Stable,14/01/2026 17:01:26.2
22,0.3721 A DC,14/01/2026 17:01:26.2,0:00:00.9,14/01/2026 17:01:26.9,0.3732 A DC,0.3502 A DC,14/01/2026 17:01:26.8,0.3333 A DC,Unstable,14/01/2026 17:01:27.1
23,0.3346 A DC,14/01/2026 17:01:27.1,0:00:02.2,14/01/2026 17:01:28.2,0.3455 A DC,0.3385 A DC,14/01/2026 17:01:27.2,0.3331 A DC,Stable,14/01/2026 17:01:29.3
24,0.3537 A DC,14/01/2026 17:01:29.3,0:00:01.1,14/01/2026 17:01:29.3,0.3537 A DC,0.3448 A DC,14/01/2026 17:01:29.9,0.3408 A DC,Interval,14/01/2026 17:01:30.4
25,0.3329 A DC,14/01/2026 17:01:30.4,0:00:01.9,14/01/2026 17:01:30.6,0.3425 A DC,0.3359 A DC,14/01/2026 17:01:32.0,0.3311 A DC,Stable,14/01/2026 17:01:32.4
26,0.3541 A DC,14/01/2026 17:01:32.4,0:00:00.2,14/01/2026 17:01:32.5,0.3645 A DC,0.3593 A DC,14/01/2026 17:01:32.4,0.3541 A DC,Unstable,14/01/2026 17:01:32.6
27,0.3388 A DC,14/01/2026 17:01:32.6,0:00:07.8,14/01/2026 17:01:40.3,0.3529 A DC,0.3365 A DC,14/01/2026 17:01:37.1,0.3292 A DC,Interval,14/01/2026 17:01:40.4
28,0.3622 A DC,14/01/2026 17:01:40.4,0:00:00.9,14/01/2026 17:01:40.4,0.3622 A DC,0.3594 A DC,14/01/2026 17:01:40.8,0.3540 A DC,Unstable,14/01/2026 17:01:41.3
29,0.3412 A DC,14/01/2026 17:01:41.3,0:00:05.9,14/01/2026 17:01:46.1,0.3525 A DC,0.3384 A DC,14/01/2026 17:01:47.1,0.3306 A DC,Stable,14/01/2026 17:01:47.2
30,0.3568 A DC,14/01/2026 17:01:47.2,0:00:00.7,14/01/2026 17:01:47.2,0.3568 A DC,0.3485 A DC,14/01/2026 17:01:47.4,0.3451 A DC,Unstable,14/01/2026 17:01:47.9
31,0.3340 A DC,14/01/2026 17:01:47.9,0:00:02.5,14/01/2026 17:01:49.3,0.3470 A DC,0.3378 A DC,14/01/2026 17:01:49.9,0.3327 A DC,Interval,14/01/2026 17:01:50.5
32,0.3417 A DC,14/01/2026 17:01:50.5,0:00:10.0,14/01/2026 17:01:54.3,0.3516 A DC,0.3386 A DC,14/01/2026 17:01:55.5,0.3295 A DC,Interval,14/01/2026 17:02:00.4
33,0.3365 A DC,14/01/2026 17:02:00.4,0:00:04.0,14/01/2026 17:02:03.2,0.3432 A DC,0.3367 A DC,14/01/2026 17:02:02.1,0.3296 A DC,Stable,14/01/2026 17:02:04.4
34,0.3603 A DC,14/01/2026 17:02:04.4,0:00:03.0,14/01/2026 17:02:04.4,0.3603 A DC,0.3402 A DC,14/01/2026 17:02:05.8,0.3341 A DC,Stable,14/01/2026 17:02:07.5
35,0.3333 A DC,14/01/2026 17:02:07.5,0:00:03.0,14/01/2026 17:02:10.3,0.3504 A DC,0.3395 A DC,14/01/2026 17:02:07.5,0.3333 A DC,Interval,14/01/2026 17:02:10.5
36,0.3411 A DC,14/01/2026 17:02:10.5,0:00:10.0,14/01/2026 17:02:17.3,0.3528 A DC,0.3378 A DC,14/01/2026 17:02:12.8,0.3301 A DC,Interval,14/01/2026 17:02:20.4
37,0.3397 A DC,14/01/2026 17:02:20.4,0:00:06.4,14/01/2026 17:02:23.8,0.3576 A DC,0.3396 A DC,14/01/2026 17:02:22.5,0.3309 A DC,Stable,14/01/2026 17:02:26.9
38,0.3792 A DC,14/01/2026 17:02:26.9,0:00:00.1,14/01/2026 17:02:26.9,0.3792 A DC,0.3792 A DC,14/01/2026 17:02:26.9,0.3792 A DC,Unstable,14/01/2026 17:02:27.0
39,0.3359 A DC,14/01/2026 17:02:27.0,0:00:02.3,14/01/2026 17:02:29.2,0.3436 A DC,0.3374 A DC,14/01/2026 17:02:27.2,0.3332 A DC,Stable,14/01/2026 17:02:29.3
40,0.3595 A DC,14/01/2026 17:02:29.3,0:00:00.2,14/01/2026 17:02:29.3,0.3595 A DC,0.3511 A DC,14/01/2026 17:02:29.4,0.3427 A DC,Unstable,14/01/2026 17:02:29.5
41,0.3316 A DC,14/01/2026 17:02:29.5,0:00:00.9,14/01/2026 17:02:30.3,0.3495 A DC,0.3414 A DC,14/01/2026 17:02:29.5,0.3316 A DC,Interval,14/01/2026 17:02:30.4
42,0.3372 A DC,14/01/2026 17:02:30.4,0:00:04.8,14/01/2026 17:02:33.3,0.3486 A DC,0.3382 A DC,14/01/2026 17:02:30.6,0.3308 A DC,Stable,14/01/2026 17:02:35.2
43,0.3617 A DC,14/01/2026 17:02:35.2,0:00:00.2,14/01/2026 17:02:35.2,0.3617 A DC,0.3536 A DC,14/01/2026 17:02:35.3,0.3455 A DC,Unstable,14/01/2026 17:02:35.4
44,0.3321 A DC,14/01/2026 17:02:35.4,0:00:05.0,14/01/2026 17:02:38.9,0.3436 A DC,0.3366 A DC,14/01/2026 17:02:35.7,0.3307 A DC,Interval,14/01/2026 17:02:40.5
45,0.3329 A DC,14/01/2026 17:02:40.5,0:00:07.9,14/01/2026 17:02:43.3,0.3475 A DC,0.3368 A DC,14/01/2026 17:02:42.7,0.3284 A DC,Stable,14/01/2026 17:02:48.4
46,0.3564 A DC,14/01/2026 17:02:48.4,0:00:00.1,14/01/2026 17:02:48.4,0.3564 A DC,0.3564 A DC,14/01/2026 17:02:48.4,0.3564 A DC,Unstable,14/01/2026 17:02:48.5
47,0.3333 A DC,14/01/2026 17:02:48.5,0:00:01.9,14/01/2026 17:02:50.2,0.3397 A DC,0.3345 A DC,14/01/2026 17:02:48.9,0.3307 A DC,Interval,14/01/2026 17:02:50.4
48,0.3560 A DC,14/01/2026 17:02:50.4,0:00:02.3,14/01/2026 17:02:50.4,0.3560 A DC,0.3400 A DC,14/01/2026 17:02:51.1,0.3341 A DC,Stable,14/01/2026 17:02:52.7
49,0.3309 A DC,14/01/2026 17:02:52.7,0:00:01.4,14/01/2026 17:02:53.2,0.3423 A DC,0.3363 A DC,14/01/2026 17:02:52.8,0.3287 A DC,Stable,14/01/2026 17:02:54.1
50,0.3542 A DC,14/01/2026 17:02:54.1,0:00:00.6,14/01/2026 17:02:54.1,0.3542 A DC,0.3414 A DC,14/01/2026 17:02:54.7,0.3337 A DC,Unstable,14/01/2026 17:02:54.8
51,0.3318 A DC,14/01/2026 17:02:54.8,0:00:02.5,14/01/2026 17:02:56.3,0.3472 A DC,0.3368 A DC,14/01/2026 17:02:54.8,0.3318 A DC,Stable,14/01/2026 17:02:57.3
52,0.3503 A DC,14/01/2026 17:02:57.3,0:00:03.2,14/01/2026 17:02:57.3,0.3503 A DC,0.3369 A DC,14/01/2026 17:02:59.0,0.3316 A DC,Interval,14/01/2026 17:03:00.5
53,0.3402 A DC,14/01/2026 17:03:00.5,0:00:07.9,14/01/2026 17:03:08.2,0.3520 A DC,0.3399 A DC,14/01/2026 17:03:03.0,0.3313 A DC,Stable,14/01/2026 17:03:08.4
54,0.3644 A DC,14/01/2026 17:03:08.4,0:00:01.1,14/01/2026 17:03:08.4,0.3644 A DC,0.3468 A DC,14/01/2026 17:03:09.4,0.3385 A DC,Stable,14/01/2026 17:03:09.5
55,0.3360 A DC,14/01/2026 17:03:09.5,0:00:00.9,14/01/2026 17:03:10.2,0.3424 A DC,0.3367 A DC,14/01/2026 17:03:09.9,0.3352 A DC,Interval,14/01/2026 17:03:10.5
56,0.3381 A DC,14/01/2026 17:03:10.5,0:00:06.8,14/01/2026 17:03:14.3,0.3522 A DC,0.3376 A DC,14/01/2026 17:03:16.9,0.3314 A DC,Stable,14/01/2026 17:03:17.3
57,0.3576 A DC,14/01/2026 17:03:17.3,0:00:00.1,14/01/2026 17:03:17.3,0.3576 A DC,0.3576 A DC,14/01/2026 17:03:17.3,0.3576 A DC,Unstable,14/01/2026 17:03:17.4
58,0.3340 A DC,14/01/2026 17:03:17.4,0:00:03.0,14/01/2026 17:03:17.8,0.3492 A DC,0.3393 A DC,14/01/2026 17:03:17.4,0.3340 A DC,Interval,14/01/2026 17:03:20.4
59,0.3409 A DC,14/01/2026 17:03:20.4,0:00:06.4,14/01/2026 17:03:24.2,0.3497 A DC,0.3386 A DC,14/01/2026 17:03:22.1,0.3313 A DC,Stable,14/01/2026 17:03:26.8
60,0.3756 A DC,14/01/2026 17:03:26.8,0:00:00.1,14/01/2026 17:03:26.8,0.3756 A DC,0.3756 A DC,14/01/2026 17:03:26.8,0.3756 A DC,Unstable,14/01/2026 17:03:26.9
61,0.3362 A DC,14/01/2026 17:03:26.9,0:00:02.3,14/01/2026 17:03:27.3,0.3437 A DC,0.3362 A DC,14/01/2026 17:03:27.9,0.3296 A DC,Stable,14/01/2026 17:03:29.3
62,0.3657 A DC,14/01/2026 17:03:29.3,0:00:00.1,14/01/2026 17:03:29.3,0.3657 A DC,0.3657 A DC,14/01/2026 17:03:29.3,0.3657 A DC,Unstable,14/01/2026 17:03:29.4
63,0.3360 A DC,14/01/2026 17:03:29.4,0:00:01.1,14/01/2026 17:03:29.6,0.3552 A DC,0.3412 A DC,14/01/2026 17:03:30.2,0.3343 A DC,Interval,14/01/2026 17:03:30.5
64,0.3370 A DC,14/01/2026 17:03:30.5,0:00:10.0,14/01/2026 17:03:38.7,0.3484 A DC,0.3376 A DC,14/01/2026 17:03:39.1,0.3295 A DC,Interval,14/01/2026 17:03:40.4
65,0.3333 A DC,14/01/2026 17:03:40.4,0:00:05.7,14/01/2026 17:03:43.2,0.3499 A DC,0.3369 A DC,14/01/2026 17:03:45.8,0.3317 A DC,Stable,14/01/2026 17:03:46.2
66,0.3660 A DC,14/01/2026 17:03:46.2,0:00:00.3,14/01/2026 17:03:46.2,0.3660 A DC,0.3520 A DC,14/01/2026 17:03:46.4,0.3401 A DC,Unstable,14/01/2026 17:03:46.5
67,0.3390 A DC,14/01/2026 17:03:46.5,0:00:03.9,14/01/2026 17:03:48.3,0.3492 A DC,0.3381 A DC,14/01/2026 17:03:48.6,0.3293 A DC,Interval,14/01/2026 17:03:50.4
68,0.3344 A DC,14/01/2026 17:03:50.4,0:00:10.1,14/01/2026 17:03:56.2,0.3472 A DC,0.3373 A DC,14/01/2026 17:03:58.1,0.3311 A DC,Interval,14/01/2026 17:04:00.5
69,0.3434 A DC,14/01/2026 17:04:00.5,0:00:02.1,14/01/2026 17:04:01.0,0.3467 A DC,0.3403 A DC,14/01/2026 17:04:02.2,0.3329 A DC,Stable,14/01/2026 17:04:02.6
70,0.3650 A DC,14/01/2026 17:04:02.6,0:00:00.1,14/01/2026 17:04:02.6,0.3650 A DC,0.3650 A DC,14/01/2026 17:04:02.6,0.3650 A DC,Unstable,14/01/2026 17:04:02.7
71,0.3402 A DC,14/01/2026 17:04:02.7,0:00:07.7,14/01/2026 17:04:04.3,0.3519 A DC,0.3380 A DC,14/01/2026 17:04:02.8,0.3301 A DC,Interval,14/01/2026 17:04:10.4
72,0.3395 A DC,14/01/2026 17:04:10.4,0:00:06.8,14/01/2026 17:04:13.8,0.3456 A DC,0.3373 A DC,14/01/2026 17:04:15.1,0.3318 A DC,Stable,14/01/2026 17:04:17.3
73,0.3578 A DC,14/01/2026 17:04:17.3,0:00:02.1,14/01/2026 17:04:17.8,0.3613 A DC,0.3419 A DC,14/01/2026 17:04:18.8,0.3338 A DC,Stable,14/01/2026 17:04:19.4
74,0.3333 A DC,14/01/2026 17:04:19.4,0:00:01.1,14/01/2026 17:04:20.3,0.3407 A DC,0.3348 A DC,14/01/2026 17:04:19.9,0.3324 A DC,Interval,14/01/2026 17:04:20.5
75,0.3317 A DC,14/01/2026 17:04:20.5,0:00:01.1,14/01/2026 17:04:21.3,0.3462 A DC,0.3357 A DC,14/01/2026 17:04:21.1,0.3289 A DC,Stable,14/01/2026 17:04:21.6
76,0.3533 A DC,14/01/2026 17:04:21.6,0:00:05.3,14/01/2026 17:04:26.8,0.3643 A DC,0.3381 A DC,14/01/2026 17:04:24.0,0.3297 A DC,Stable,14/01/2026 17:04:26.9
77,0.3676 A DC,14/01/2026 17:04:26.9,0:00:00.1,14/01/2026 17:04:26.9,0.3676 A DC,0.3676 A DC,14/01/2026 17:04:26.9,0.3676 A DC,Unstable,14/01/2026 17:04:27.0
78,0.3400 A DC,14/01/2026 17:04:27.0,0:00:02.2,14/01/2026 17:04:27.2,0.3429 A DC,0.3368 A DC,14/01/2026 17:04:27.5,0.3328 A DC,Stable,14/01/2026 17:04:29.2
79,0.3587 A DC,14/01/2026 17:04:29.2,0:00:00.1,14/01/2026 17:04:29.2,0.3587 A DC,0.3587 A DC,14/01/2026 17:04:29.2,0.3587 A DC,Unstable,14/01/2026 17:04:29.3
80,0.3359 A DC,14/01/2026 17:04:29.3,0:00:01.1,14/01/2026 17:04:30.2,0.3464 A DC,0.3370 A DC,14/01/2026 17:04:29.5,0.3309 A DC,Interval,14/01/2026 17:04:30.4
81,0.3433 A DC,14/01/2026 17:04:30.4,0:00:10.0,14/01/2026 17:04:32.8,0.3522 A DC,0.3375 A DC,14/01/2026 17:04:34.2,0.3300 A DC,Interval,14/01/2026 17:04:40.4
82,0.3410 A DC,14/01/2026 17:04:40.4,0:00:09.1,14/01/2026 17:04:42.1,0.3516 A DC,0.3377 A DC,14/01/2026 17:04:41.9,0.3311 A DC,Stable,14/01/2026 17:04:49.5
83,0.3620 A DC,14/01/2026 17:04:49.5,0:00:00.5,14/01/2026 17:04:49.5,0.3620 A DC,0.3620 A DC,14/01/2026 17:04:49.5,0.3620 A DC,Unstable,14/01/2026 17:04:50.0
84,0.3349 A DC,14/01/2026 17:04:50.0,0:00:00.5,14/01/2026 17:04:50.3,0.3437 A DC,0.3371 A DC,14/01/2026 17:04:50.4,0.3333 A DC,Interval,14/01/2026 17:04:50.5
85,0.3319 A DC,14/01/2026 17:04:50.5,0:00:00.8,14/01/2026 17:04:51.2,0.3385 A DC,0.3339 A DC,14/01/2026 17:04:50.6,0.3316 A DC,Unstable,14/01/2026 17:04:51.3
86,0.3498 A DC,14/01/2026 17:04:51.3,0:00:09.2,14/01/2026 17:04:56.2,0.3531 A DC,0.3388 A DC,14/01/2026 17:04:59.5,0.3304 A DC,Interval,14/01/2026 17:05:00.4
87,0.3346 A DC,14/01/2026 17:05:00.4,0:00:01.3,14/01/2026 17:05:01.6,0.3465 A DC,0.3372 A DC,14/01/2026 17:05:00.8,0.3320 A DC,Stable,14/01/2026 17:05:01.7
88,0.3523 A DC,14/01/2026 17:05:01.7,0:00:08.8,14/01/2026 17:05:03.7,0.3555 A DC,0.3395 A DC,14/01/2026 17:05:06.6,0.3320 A DC,Interval,14/01/2026 17:05:10.5
89,0.3453 A DC,14/01/2026 17:05:10.5,0:00:07.2,14/01/2026 17:05:17.3,0.3516 A DC,0.3402 A DC,14/01/2026 17:05:12.7,0.3316 A DC,Stable,14/01/2026 17:05:17.7
90,0.3748 A DC,14/01/2026 17:05:17.7,0:00:00.1,14/01/2026 17:05:17.7,0.3748 A DC,0.3748 A DC,14/01/2026 17:05:17.7,0.3748 A DC,Unstable,14/01/2026 17:05:17.8
91,0.3477 A DC,14/01/2026 17:05:17.8,0:00:02.6,14/01/2026 17:05:18.1,0.3582 A DC,0.3387 A DC,14/01/2026 17:05:19.7,0.3313 A DC,Interval,14/01/2026 17:05:20.4
92,0.3442 A DC,14/01/2026 17:05:20.4,0:00:00.7,14/01/2026 17:05:20.9,0.3688 A DC,0.3507 A DC,14/01/2026 17:05:20.5,0.3438 A DC,Unstable,14/01/2026 17:05:21.1
93,0.3355 A DC,14/01/2026 17:05:21.1,0:00:05.1,14/01/2026 17:05:23.6,0.3544 A DC,0.3401 A DC,14/01/2026 17:05:24.8,0.3291 A DC,Stable,14/01/2026 17:05:26.3
94,0.3665 A DC,14/01/2026 17:05:26.3,0:00:00.8,14/01/2026 17:05:26.9,0.3838 A DC,0.3574 A DC,14/01/2026 17:05:26.4,0.3365 A DC,Unstable,14/01/2026 17:05:27.1
95,0.3468 A DC,14/01/2026 17:05:27.1,0:00:03.3,14/01/2026 17:05:29.2,0.3513 A DC,0.3408 A DC,14/01/2026 17:05:29.9,0.3299 A DC,Interval,14/01/2026 17:05:30.4
96,0.3347 A DC,14/01/2026 17:05:30.4,0:00:01.9,14/01/2026 17:05:32.2,0.3477 A DC,0.3394 A DC,14/01/2026 17:05:30.5,0.3322 A DC,Stable,14/01/2026 17:05:32.3
97,0.3560 A DC,14/01/2026 17:05:32.3,0:00:02.5,14/01/2026 17:05:32.3,0.3560 A DC,0.3408 A DC,14/01/2026 17:05:34.7,0.3343 A DC,Stable,14/01/2026 17:05:34.8
98,0.3335 A DC,14/01/2026 17:05:34.8,0:00:02.4,14/01/2026 17:05:36.9,0.3445 A DC,0.3378 A DC,14/01/2026 17:05:34.9,0.3298 A DC,Stable,14/01/2026 17:05:37.2
99,0.3519 A DC,14/01/2026 17:05:37.2,0:00:03.2,14/01/2026 17:05:40.3,0.3527 A DC,0.3422 A DC,14/01/2026 17:05:37.4,0.3332 A DC,Interval,14/01/2026 17:05:40.5
100,0.3354 A DC,14/01/2026 17:05:40.5,0:00:10.0,14/01/2026 17:05:43.0,0.3546 A DC,0.3388 A DC,14/01/2026 17:05:50.1,0.3291 A DC,Interval,14/01/2026 17:05:50.4
101,0.3348 A DC,14/01/2026 17:05:50.4,0:00:10.1,14/01/2026 17:05:52.2,0.3531 A DC,0.3393 A DC,14/01/2026 17:05:59.6,0.3311 A DC,Interval,14/01/2026 17:06:00.5
102,0.3326 A DC,14/01/2026 17:06:00.5,0:00:03.8,14/01/2026 17:06:01.0,0.3474 A DC,0.3387 A DC,14/01/2026 17:06:00.6,0.3324 A DC,Stable,14/01/2026 17:06:04.3
103,0.3638 A DC,14/01/2026 17:06:04.3,0:00:00.5,14/01/2026 17:06:04.3,0.3638 A DC,0.3483 A DC,14/01/2026 17:06:04.7,0.3427 A DC,Unstable,14/01/2026 17:06:04.8
104,0.3331 A DC,14/01/2026 17:06:04.8,0:00:04.4,14/01/2026 17:06:06.0,0.3474 A DC,0.3391 A DC,14/01/2026 17:06:04.9,0.3321 A DC,Stable,14/01/2026 17:06:09.2
105,0.3512 A DC,14/01/2026 17:06:09.2,0:00:01.2,14/01/2026 17:06:10.2,0.3516 A DC,0.3419 A DC,14/01/2026 17:06:10.3,0.3340 A DC,Interval,14/01/2026 17:06:10.4
106,0.3314 A DC,14/01/2026 17:06:10.4,0:00:02.8,14/01/2026 17:06:13.1,0.3455 A DC,0.3366 A DC,14/01/2026 17:06:10.4,0.3314 A DC,Stable,14/01/2026 17:06:13.3
107,0.3522 A DC,14/01/2026 17:06:13.3,0:00:02.2,14/01/2026 17:06:13.8,0.3551 A DC,0.3439 A DC,14/01/2026 17:06:15.0,0.3346 A DC,Stable,14/01/2026 17:06:15.5
108,0.3295 A DC,14/01/2026 17:06:15.5,0:00:01.6,14/01/2026 17:06:16.3,0.3468 A DC,0.3344 A DC,14/01/2026 17:06:15.5,0.3295 A DC,Stable,14/01/2026 17:06:17.1
109,0.3505 A DC,14/01/2026 17:06:17.1,0:00:03.3,14/01/2026 17:06:17.1,0.3505 A DC,0.3407 A DC,14/01/2026 17:06:18.1,0.3324 A DC,Interval,14/01/2026 17:06:20.4
110,0.3354 A DC,14/01/2026 17:06:20.4,0:00:01.8,14/01/2026 17:06:21.6,0.3493 A DC,0.3391 A DC,14/01/2026 17:06:21.1,0.3336 A DC,Stable,14/01/2026 17:06:22.2
111,0.3798 A DC,14/01/2026 17:06:22.2,0:00:00.1,14/01/2026 17:06:22.2,0.3798 A DC,0.3798 A DC,14/01/2026 17:06:22.2,0.3798 A DC,Unstable,14/01/2026 17:06:22.3
112,0.3419 A DC,14/01/2026 17:06:22.3,0:00:01.0,14/01/2026 17:06:23.2,0.3516 A DC,0.3405 A DC,14/01/2026 17:06:22.4,0.3324 A DC,Stable,14/01/2026 17:06:23.3
113,0.3614 A DC,14/01/2026 17:06:23.3,0:00:00.6,14/01/2026 17:06:23.5,0.3627 A DC,0.3479 A DC,14/01/2026 17:06:23.7,0.3342 A DC,Unstable,14/01/2026 17:06:23.9
114,0.3403 A DC,14/01/2026 17:06:23.9,0:00:02.2,14/01/2026 17:06:26.0,0.3483 A DC,0.3387 A DC,14/01/2026 17:06:25.5,0.3337 A DC,Stable,14/01/2026 17:06:26.1
115,0.3653 A DC,14/01/2026 17:06:26.1,0:00:00.8,14/01/2026 17:06:26.8,0.3960 A DC,0.3533 A DC,14/01/2026 17:06:26.6,0.3345 A DC,Unstable,14/01/2026 17:06:26.9
116,0.3438 A DC,14/01/2026 17:06:26.9,0:00:02.3,14/01/2026 17:06:27.2,0.3519 A DC,0.3381 A DC,14/01/2026 17:06:27.9,0.3320 A DC,Stable,14/01/2026 17:06:29.3
117,0.3682 A DC,14/01/2026 17:06:29.3,0:00:00.1,14/01/2026 17:06:29.3,0.3682 A DC,0.3682 A DC,14/01/2026 17:06:29.3,0.3682 A DC,Unstable,14/01/2026 17:06:29.4
118,0.3427 A DC,14/01/2026 17:06:29.4,0:00:01.2,14/01/2026 17:06:29.5,0.3430 A DC,0.3373 A DC,14/01/2026 17:06:29.7,0.3336 A DC,Interval,14/01/2026 17:06:30.6
119,0.3456 A DC,14/01/2026 17:06:30.6,0:00:09.9,14/01/2026 17:06:40.0,0.3512 A DC,0.3396 A DC,14/01/2026 17:06:35.7,0.3284 A DC,Interval,14/01/2026 17:06:40.4
120,0.3433 A DC,14/01/2026 17:06:40.4,0:00:10.1,14/01/2026 17:06:42.5,0.3596 A DC,0.3407 A DC,14/01/2026 17:06:50.4,0.3329 A DC,Interval,14/01/2026 17:06:50.5
121,0.3392 A DC,14/01/2026 17:06:50.5,0:00:08.8,14/01/2026 17:06:57.2,0.3520 A DC,0.3392 A DC,14/01/2026 17:06:50.9,0.3313 A DC,Stable,14/01/2026 17:06:59.2
122,0.3539 A DC,14/01/2026 17:06:59.2,0:00:01.2,14/01/2026 17:06:59.2,0.3539 A DC,0.3393 A DC,14/01/2026 17:07:00.1,0.3349 A DC,Interval,14/01/2026 17:07:00.5
123,0.3465 A DC,14/01/2026 17:07:00.5,0:00:10.0,14/01/2026 17:07:06.4,0.3516 A DC,0.3389 A DC,14/01/2026 17:07:01.1,0.3317 A DC,Interval,14/01/2026 17:07:10.4
124,0.3445 A DC,14/01/2026 17:07:10.4,0:00:10.5,14/01/2026 17:07:19.4,0.3592 A DC,0.3400 A DC,14/01/2026 17:07:14.5,0.3319 A DC,Interval,14/01/2026 17:07:20.9
125,0.3444 A DC,14/01/2026 17:07:20.9,0:00:05.2,14/01/2026 17:07:23.9,0.3557 A DC,0.3395 A DC,14/01/2026 17:07:21.8,0.3324 A DC,Stable,14/01/2026 17:07:26.1
126,0.3667 A DC,14/01/2026 17:07:26.1,0:00:00.9,14/01/2026 17:07:26.9,0.3670 A DC,0.3451 A DC,14/01/2026 17:07:26.3,0.3339 A DC,Unstable,14/01/2026 17:07:27.0
127,0.3403 A DC,14/01/2026 17:07:27.0,0:00:02.2,14/01/2026 17:07:27.5,0.3504 A DC,0.3402 A DC,14/01/2026 17:07:27.8,0.3338 A DC,Stable,14/01/2026 17:07:29.2
128,0.3697 A DC,14/01/2026 17:07:29.2,0:00:00.1,14/01/2026 17:07:29.2,0.3697 A DC,0.3697 A DC,14/01/2026 17:07:29.2,0.3697 A DC,Unstable,14/01/2026 17:07:29.3
129,0.3492 A DC,14/01/2026 17:07:29.3,0:00:01.1,14/01/2026 17:07:29.5,0.3620 A DC,0.3451 A DC,14/01/2026 17:07:30.0,0.3351 A DC,Interval,14/01/2026 17:07:30.4
130,0.3446 A DC,14/01/2026 17:07:30.4,0:00:10.0,14/01/2026 17:07:34.3,0.3497 A DC,0.3375 A DC,14/01/2026 17:07:31.4,0.3267 A DC,Interval,14/01/2026 17:07:40.4
131,0.3363 A DC,14/01/2026 17:07:40.4,0:00:06.9,14/01/2026 17:07:43.7,0.3539 A DC,0.3395 A DC,14/01/2026 17:07:44.1,0.3332 A DC,Stable,14/01/2026 17:07:47.3
132,0.3733 A DC,14/01/2026 17:07:47.3,0:00:00.1,14/01/2026 17:07:47.3,0.3733 A DC,0.3733 A DC,14/01/2026 17:07:47.3,0.3733 A DC,Unstable,14/01/2026 17:07:47.4
133,0.3444 A DC,14/01/2026 17:07:47.4,0:00:03.0,14/01/2026 17:07:50.3,0.3481 A DC,0.3373 A DC,14/01/2026 17:07:48.6,0.3325 A DC,Interval,14/01/2026 17:07:50.5
134,0.3370 A DC,14/01/2026 17:07:50.5,0:00:04.5,14/01/2026 17:07:52.0,0.3504 A DC,0.3400 A DC,14/01/2026 17:07:53.6,0.3321 A DC,Stable,14/01/2026 17:07:55.0
135,0.3638 A DC,14/01/2026 17:07:55.0,0:00:00.1,14/01/2026 17:07:55.0,0.3638 A DC,0.3638 A DC,14/01/2026 17:07:55.0,0.3638 A DC,Unstable,14/01/2026 17:07:55.1
136,0.3451 A DC,14/01/2026 17:07:55.1,0:00:04.7,14/01/2026 17:07:55.3,0.3483 A DC,0.3399 A DC,14/01/2026 17:07:55.7,0.3328 A DC,Stable,14/01/2026 17:07:59.8
137,0.3787 A DC,14/01/2026 17:07:59.8,0:00:00.1,14/01/2026 17:07:59.8,0.3787 A DC,0.3787 A DC,14/01/2026 17:07:59.8,0.3787 A DC,Unstable,14/01/2026 17:07:59.9
138,0.3466 A DC,14/01/2026 17:07:59.9,0:00:00.5,14/01/2026 17:07:59.9,0.3466 A DC,0.3400 A DC,14/01/2026 17:08:00.1,0.3343 A DC,Interval,14/01/2026 17:08:00.4
139,0.3371 A DC,14/01/2026 17:08:00.4,0:00:03.8,14/01/2026 17:08:04.1,0.3563 A DC,0.3401 A DC,14/01/2026 17:08:01.8,0.3304 A DC,Stable,14/01/2026 17:08:04.2
140,0.3608 A DC,14/01/2026 17:08:04.2,0:00:01.0,14/01/2026 17:08:04.2,0.3608 A DC,0.3447 A DC,14/01/2026 17:08:04.7,0.3351 A DC,Unstable,14/01/2026 17:08:05.2
141,0.3550 A DC,14/01/2026 17:08:05.2,0:00:05.2,14/01/2026 17:08:07.3,0.3676 A DC,0.3400 A DC,14/01/2026 17:08:06.7,0.3324 A DC,Interval,14/01/2026 17:08:10.5
142,0.3413 A DC,14/01/2026 17:08:10.5,0:00:10.0,14/01/2026 17:08:20.2,0.3574 A DC,0.3388 A DC,14/01/2026 17:08:12.0,0.3277 A DC,Interval,14/01/2026 17:08:20.4
143,0.3358 A DC,14/01/2026 17:08:20.4,0:00:01.7,14/01/2026 17:08:21.3,0.3543 A DC,0.3415 A DC,14/01/2026 17:08:20.5,0.3351 A DC,Unstable,14/01/2026 17:08:22.1
144,0.3297 A DC,14/01/2026 17:08:22.1,0:00:04.0,14/01/2026 17:08:22.5,0.3488 A DC,0.3394 A DC,14/01/2026 17:08:22.1,0.3297 A DC,Stable,14/01/2026 17:08:26.2
145,0.3683 A DC,14/01/2026 17:08:26.2,0:00:00.8,14/01/2026 17:08:26.9,0.4051 A DC,0.3545 A DC,14/01/2026 17:08:26.6,0.3356 A DC,Unstable,14/01/2026 17:08:27.0
146,0.3463 A DC,14/01/2026 17:08:27.0,0:00:03.4,14/01/2026 17:08:29.6,0.3552 A DC,0.3389 A DC,14/01/2026 17:08:28.9,0.3326 A DC,Interval,14/01/2026 17:08:30.4
147,0.3427 A DC,14/01/2026 17:08:30.4,0:00:00.3,14/01/2026 17:08:30.6,0.3661 A DC,0.3502 A DC,14/01/2026 17:08:30.5,0.3419 A DC,Unstable,14/01/2026 17:08:30.7
148,0.3420 A DC,14/01/2026 17:08:30.7,0:00:09.8,14/01/2026 17:08:39.3,0.3539 A DC,0.3386 A DC,14/01/2026 17:08:37.3,0.3320 A DC,Interval,14/01/2026 17:08:40.5
149,0.3403 A DC,14/01/2026 17:08:40.5,0:00:10.0,14/01/2026 17:08:44.5,0.3563 A DC,0.3387 A DC,14/01/2026 17:08:47.0,0.3313 A DC,Interval,14/01/2026 17:08:50.4
150,0.3355 A DC,14/01/2026 17:08:50.4,0:00:10.1,14/01/2026 17:08:54.2,0.3511 A DC,0.3382 A DC,14/01/2026 17:08:52.8,0.3328 A DC,Interval,14/01/2026 17:09:00.5
151,0.3359 A DC,14/01/2026 17:09:00.5,0:00:10.0,14/01/2026 17:09:02.6,0.3516 A DC,0.3388 A DC,14/01/2026 17:09:07.7,0.3314 A DC,Interval,14/01/2026 17:09:10.4
152,0.3333 A DC,14/01/2026 17:09:10.4,0:00:06.8,14/01/2026 17:09:14.3,0.3491 A DC,0.3390 A DC,14/01/2026 17:09:15.9,0.3330 A DC,Stable,14/01/2026 17:09:17.3
153,0.3580 A DC,14/01/2026 17:09:17.3,0:00:03.1,14/01/2026 17:09:17.3,0.3580 A DC,0.3415 A DC,14/01/2026 17:09:17.6,0.3349 A DC,Interval,14/01/2026 17:09:20.4
154,0.3337 A DC,14/01/2026 17:09:20.4,0:00:06.4,14/01/2026 17:09:26.7,0.3518 A DC,0.3387 A DC,14/01/2026 17:09:21.1,0.3323 A DC,Stable,14/01/2026 17:09:26.8
155,0.3702 A DC,14/01/2026 17:09:26.8,0:00:00.1,14/01/2026 17:09:26.8,0.3702 A DC,0.3702 A DC,14/01/2026 17:09:26.8,0.3702 A DC,Unstable,14/01/2026 17:09:26.9
156,0.3356 A DC,14/01/2026 17:09:26.9,0:00:02.3,14/01/2026 17:09:28.2,0.3432 A DC,0.3391 A DC,14/01/2026 17:09:27.1,0.3330 A DC,Stable,14/01/2026 17:09:29.3
157,0.3592 A DC,14/01/2026 17:09:29.3,0:00:00.1,14/01/2026 17:09:29.3,0.3592 A DC,0.3592 A DC,14/01/2026 17:09:29.3,0.3592 A DC,Unstable,14/01/2026 17:09:29.4
158,0.3392 A DC,14/01/2026 17:09:29.4,0:00:01.1,14/01/2026 17:09:29.6,0.3533 A DC,0.3395 A DC,14/01/2026 17:09:30.1,0.3353 A DC,Interval,14/01/2026 17:09:30.5
159,0.3373 A DC,14/01/2026 17:09:30.5,0:00:10.0,14/01/2026 17:09:37.5,0.3531 A DC,0.3385 A DC,14/01/2026 17:09:38.6,0.3325 A DC,Interval,14/01/2026 17:09:40.4
160,0.3428 A DC,14/01/2026 17:09:40.4,0:00:10.1,14/01/2026 17:09:45.2,0.3514 A DC,0.3389 A DC,14/01/2026 17:09:43.1,0.3304 A DC,Interval,14/01/2026 17:09:50.5
161,0.3461 A DC,14/01/2026 17:09:50.5,0:00:04.4,14/01/2026 17:09:50.5,0.3461 A DC,0.3388 A DC,14/01/2026 17:09:51.0,0.3339 A DC,Stable,14/01/2026 17:09:54.9
162,0.3706 A DC,14/01/2026 17:09:54.9,0:00:00.1,14/01/2026 17:09:54.9,0.3706 A DC,0.3706 A DC,14/01/2026 17:09:54.9,0.3706 A DC,Unstable,14/01/2026 17:09:55.0
163,0.3448 A DC,14/01/2026 17:09:55.0,0:00:05.4,14/01/2026 17:09:59.2,0.3522 A DC,0.3381 A DC,14/01/2026 17:09:55.4,0.3327 A DC,Interval,14/01/2026 17:10:00.4
164,0.3356 A DC,14/01/2026 17:10:00.4,0:00:10.0,14/01/2026 17:10:09.7,0.3486 A DC,0.3377 A DC,14/01/2026 17:10:08.6,0.3312 A DC,Interval,14/01/2026 17:10:10.4
165,0.3364 A DC,14/01/2026 17:10:10.4,0:00:07.3,14/01/2026 17:10:17.2,0.3536 A DC,0.3387 A DC,14/01/2026 17:10:13.4,0.3312 A DC,Stable,14/01/2026 17:10:17.7
166,0.3563 A DC,14/01/2026 17:10:17.7,0:00:00.1,14/01/2026 17:10:17.7,0.3563 A DC,0.3563 A DC,14/01/2026 17:10:17.7,0.3563 A DC,Unstable,14/01/2026 17:10:17.8
167,0.3326 A DC,14/01/2026 17:10:17.8,0:00:02.6,14/01/2026 17:10:20.3,0.3477 A DC,0.3367 A DC,14/01/2026 17:10:18.7,0.3309 A DC,Interval,14/01/2026 17:10:20.5
168,0.3409 A DC,14/01/2026 17:10:20.5,0:00:03.0,14/01/2026 17:10:23.2,0.3567 A DC,0.3399 A DC,14/01/2026 17:10:20.9,0.3330 A DC,Stable,14/01/2026 17:10:23.5
169,0.3623 A DC,14/01/2026 17:10:23.5,0:00:00.1,14/01/2026 17:10:23.5,0.3623 A DC,0.3623 A DC,14/01/2026 17:10:23.5,0.3623 A DC,Unstable,14/01/2026 17:10:23.6
170,0.3361 A DC,14/01/2026 17:10:23.6,0:00:03.3,14/01/2026 17:10:26.2,0.3540 A DC,0.3394 A DC,14/01/2026 17:10:24.1,0.3327 A DC,Stable,14/01/2026 17:10:26.9
171,0.4047 A DC,14/01/2026 17:10:26.9,0:00:00.1,14/01/2026 17:10:26.9,0.4047 A DC,0.4047 A DC,14/01/2026 17:10:26.9,0.4047 A DC,Unstable,14/01/2026 17:10:27.0
172,0.3401 A DC,14/01/2026 17:10:27.0,0:00:03.4,14/01/2026 17:10:30.2,0.3472 A DC,0.3378 A DC,14/01/2026 17:10:28.7,0.3332 A DC,Interval,14/01/2026 17:10:30.4
173,0.3401 A DC,14/01/2026 17:10:30.4,0:00:10.1,14/01/2026 17:10:37.6,0.3565 A DC,0.3382 A DC,14/01/2026 17:10:36.2,0.3293 A DC,Interval,14/01/2026 17:10:40.5
174,0.3344 A DC,14/01/2026 17:10:40.5,0:00:10.0,14/01/2026 17:10:45.6,0.3487 A DC,0.3377 A DC,14/01/2026 17:10:43.9,0.3292 A DC,Interval,14/01/2026 17:10:50.4
175,0.3373 A DC,14/01/2026 17:10:50.4,0:00:04.5,14/01/2026 17:10:52.1,0.3501 A DC,0.3382 A DC,14/01/2026 17:10:54.1,0.3306 A DC,Stable,14/01/2026 17:10:55.0
176,0.3600 A DC,14/01/2026 17:10:55.0,0:00:00.1,14/01/2026 17:10:55.0,0.3600 A DC,0.3600 A DC,14/01/2026 17:10:55.0,0.3600 A DC,Unstable,14/01/2026 17:10:55.1
177,0.3364 A DC,14/01/2026 17:10:55.1,0:00:05.3,14/01/2026 17:10:56.3,0.3464 A DC,0.3381 A DC,14/01/2026 17:10:59.1,0.3272 A DC,Interval,14/01/2026 17:11:00.4
178,0.3358 A DC,14/01/2026 17:11:00.4,0:00:09.3,14/01/2026 17:11:06.2,0.3499 A DC,0.3383 A DC,14/01/2026 17:11:04.9,0.3324 A DC,Stable,14/01/2026 17:11:09.7
179,0.3728 A DC,14/01/2026 17:11:09.7,0:00:00.1,14/01/2026 17:11:09.7,0.3728 A DC,0.3728 A DC,14/01/2026 17:11:09.7,0.3728 A DC,Unstable,14/01/2026 17:11:09.8
180,0.3426 A DC,14/01/2026 17:11:09.8,0:00:00.7,14/01/2026 17:11:10.3,0.3458 A DC,0.3407 A DC,14/01/2026 17:11:10.4,0.3340 A DC,Interval,14/01/2026 17:11:10.5
181,0.3330 A DC,14/01/2026 17:11:10.5,0:00:07.2,14/01/2026 17:11:14.3,0.3518 A DC,0.3374 A DC,14/01/2026 17:11:16.1,0.3324 A DC,Stable,14/01/2026 17:11:17.7
182,0.3559 A DC,14/01/2026 17:11:17.7,0:00:02.7,14/01/2026 17:11:18.7,0.3563 A DC,0.3415 A DC,14/01/2026 17:11:18.5,0.3349 A DC,Interval,14/01/2026 17:11:20.4
183,0.3351 A DC,14/01/2026 17:11:20.4,0:00:06.0,14/01/2026 17:11:23.4,0.3527 A DC,0.3383 A DC,14/01/2026 17:11:24.5,0.3322 A DC,Stable,14/01/2026 17:11:26.5
184,0.3568 A DC,14/01/2026 17:11:26.5,0:00:00.7,14/01/2026 17:11:26.9,0.3681 A DC,0.3485 A DC,14/01/2026 17:11:27.1,0.3364 A DC,Unstable,14/01/2026 17:11:27.2
185,0.3336 A DC,14/01/2026 17:11:27.2,0:00:03.3,14/01/2026 17:11:29.3,0.3438 A DC,0.3372 A DC,14/01/2026 17:11:29.6,0.3323 A DC,Interval,14/01/2026 17:11:30.5
186,0.3355 A DC,14/01/2026 17:11:30.5,0:00:10.0,14/01/2026 17:11:39.4,0.3512 A DC,0.3384 A DC,14/01/2026 17:11:34.6,0.3311 A DC,Interval,14/01/2026 17:11:40.4
187,0.3333 A DC,14/01/2026 17:11:40.4,0:00:01.5,14/01/2026 17:11:41.3,0.3487 A DC,0.3392 A DC,14/01/2026 17:11:40.4,0.3333 A DC,Stable,14/01/2026 17:11:42.0
188,0.3672 A DC,14/01/2026 17:11:42.0,0:00:00.1,14/01/2026 17:11:42.0,0.3672 A DC,0.3672 A DC,14/01/2026 17:11:42.0,0.3672 A DC,Unstable,14/01/2026 17:11:42.1
189,0.3370 A DC,14/01/2026 17:11:42.1,0:00:08.4,14/01/2026 17:11:47.6,0.3534 A DC,0.3383 A DC,14/01/2026 17:11:45.1,0.3327 A DC,Interval,14/01/2026 17:11:50.4
190,0.3337 A DC,14/01/2026 17:11:50.4,0:00:10.1,14/01/2026 17:11:53.2,0.3518 A DC,0.3377 A DC,14/01/2026 17:11:56.5,0.3321 A DC,Interval,14/01/2026 17:12:00.5
191,0.3372 A DC,14/01/2026 17:12:00.5,0:00:02.4,14/01/2026 17:12:02.4,0.3444 A DC,0.3384 A DC,14/01/2026 17:12:02.6,0.3329 A DC,Stable,14/01/2026 17:12:02.9
192,0.3606 A DC,14/01/2026 17:12:02.9,0:00:00.1,14/01/2026 17:12:02.9,0.3606 A DC,0.3606 A DC,14/01/2026 17:12:02.9,0.3606 A DC,Unstable,14/01/2026 17:12:03.0
193,0.3405 A DC,14/01/2026 17:12:03.0,0:00:07.4,14/01/2026 17:12:08.2,0.3470 A DC,0.3376 A DC,14/01/2026 17:12:08.5,0.3324 A DC,Interval,14/01/2026 17:12:10.4
194,0.3345 A DC,14/01/2026 17:12:10.4,0:00:05.1,14/01/2026 17:12:13.7,0.3507 A DC,0.3392 A DC,14/01/2026 17:12:14.5,0.3327 A DC,Stable,14/01/2026 17:12:15.6
195,0.3688 A DC,14/01/2026 17:12:15.6,0:00:00.1,14/01/2026 17:12:15.6,0.3688 A DC,0.3688 A DC,14/01/2026 17:12:15.6,0.3688 A DC,Unstable,14/01/2026 17:12:15.7
196,0.3361 A DC,14/01/2026 17:12:15.7,0:00:01.6,14/01/2026 17:12:17.2,0.3468 A DC,0.3397 A DC,14/01/2026 17:12:15.8,0.3340 A DC,Stable,14/01/2026 17:12:17.3
197,0.3563 A DC,14/01/2026 17:12:17.3,0:00:03.2,14/01/2026 17:12:17.3,0.3563 A DC,0.3384 A DC,14/01/2026 17:12:19.1,0.3330 A DC,Interval,14/01/2026 17:12:20.5
198,0.3394 A DC,14/01/2026 17:12:20.5,0:00:02.2,14/01/2026 17:12:22.1,0.3526 A DC,0.3391 A DC,14/01/2026 17:12:21.9,0.3344 A DC,Stable,14/01/2026 17:12:22.7
199,0.3633 A DC,14/01/2026 17:12:22.7,0:00:00.9,14/01/2026 17:12:23.3,0.3640 A DC,0.3486 A DC,14/01/2026 17:12:23.1,0.3367 A DC,Unstable,14/01/2026 17:12:23.6
200,0.3361 A DC,14/01/2026 17:12:23.6,0:00:03.5,14/01/2026 17:12:26.7,0.3513 A DC,0.3390 A DC,14/01/2026 17:12:26.4,0.3328 A DC,Stable,14/01/2026 17:12:27.1
201,0.3661 A DC,14/01/2026 17:12:27.1,0:00:00.2,14/01/2026 17:12:27.1,0.3661 A DC,0.3581 A DC,14/01/2026 17:12:27.2,0.3500 A DC,Unstable,14/01/2026 17:12:27.3
202,0.3380 A DC,14/01/2026 17:12:27.3,0:00:01.9,14/01/2026 17:12:28.2,0.3513 A DC,0.3392 A DC,14/01/2026 17:12:27.5,0.3343 A DC,Stable,14/01/2026 17:12:29.2
203,0.3837 A DC,14/01/2026 17:12:29.2,0:00:00.4,14/01/2026 17:12:29.2,0.3837 A DC,0.3599 A DC,14/01/2026 17:12:29.4,0.3417 A DC,Unstable,14/01/2026 17:12:29.6
204,0.3447 A DC,14/01/2026 17:12:29.6,0:00:00.8,14/01/2026 17:12:29.6,0.3447 A DC,0.3403 A DC,14/01/2026 17:12:30.0,0.3344 A DC,Interval,14/01/2026 17:12:30.4
205,0.3351 A DC,14/01/2026 17:12:30.4,0:00:06.3,14/01/2026 17:12:36.7,0.3520 A DC,0.3377 A DC,14/01/2026 17:12:35.4,0.3320 A DC,Stable,14/01/2026 17:12:36.8
206,0.3533 A DC,14/01/2026 17:12:36.8,0:00:01.1,14/01/2026 17:12:37.8,0.3550 A DC,0.3386 A DC,14/01/2026 17:12:37.1,0.3318 A DC,Unstable,14/01/2026 17:12:37.9
207,0.3355 A DC,14/01/2026 17:12:37.9,0:00:01.1,14/01/2026 17:12:38.7,0.3454 A DC,0.3352 A DC,14/01/2026 17:12:38.0,0.3321 A DC,Stable,14/01/2026 17:12:39.0
208,0.3627 A DC,14/01/2026 17:12:39.0,0:00:00.1,14/01/2026 17:12:39.0,0.3627 A DC,0.3627 A DC,14/01/2026 17:12:39.0,0.3627 A DC,Unstable,14/01/2026 17:12:39.1
209,0.3349 A DC,14/01/2026 17:12:39.1,0:00:01.3,14/01/2026 17:12:39.8,0.3496 A DC,0.3368 A DC,14/01/2026 17:12:39.5,0.3335 A DC,Interval,14/01/2026 17:12:40.4
210,0.3288 A DC,14/01/2026 17:12:40.4,0:00:00.7,14/01/2026 17:12:41.0,0.3566 A DC,0.3401 A DC,14/01/2026 17:12:40.4,0.3288 A DC,Unstable,14/01/2026 17:12:41.1
211,0.3363 A DC,14/01/2026 17:12:41.1,0:00:04.1,14/01/2026 17:12:42.0,0.3550 A DC,0.3366 A DC,14/01/2026 17:12:42.8,0.3313 A DC,Stable,14/01/2026 17:12:45.2
212,0.3618 A DC,14/01/2026 17:12:45.2,0:00:01.1,14/01/2026 17:12:46.2,0.3647 A DC,0.3420 A DC,14/01/2026 17:12:45.5,0.3323 A DC,Unstable,14/01/2026 17:12:46.3
213,0.3378 A DC,14/01/2026 17:12:46.3,0:00:01.9,14/01/2026 17:12:47.4,0.3462 A DC,0.3375 A DC,14/01/2026 17:12:48.2,0.3328 A DC,Stable,14/01/2026 17:12:48.3
214,0.3603 A DC,14/01/2026 17:12:48.3,0:00:00.1,14/01/2026 17:12:48.3,0.3603 A DC,0.3603 A DC,14/01/2026 17:12:48.3,0.3603 A DC,Unstable,14/01/2026 17:12:48.4
215,0.3395 A DC,14/01/2026 17:12:48.4,0:00:02.1,14/01/2026 17:12:50.2,0.3501 A DC,0.3394 A DC,14/01/2026 17:12:49.1,0.3327 A DC,Interval,14/01/2026 17:12:50.5
216,0.3382 A DC,14/01/2026 17:12:50.5,0:00:00.5,14/01/2026 17:12:50.8,0.3484 A DC,0.3412 A DC,14/01/2026 17:12:50.6,0.3325 A DC,Unstable,14/01/2026 17:12:51.0
217,0.3595 A DC,14/01/2026 17:12:51.0,0:00:02.4,14/01/2026 17:12:51.0,0.3595 A DC,0.3406 A DC,14/01/2026 17:12:52.7,0.3355 A DC,Stable,14/01/2026 17:12:53.4
218,0.3342 A DC,14/01/2026 17:12:53.4,0:00:07.0,14/01/2026 17:12:54.0,0.3500 A DC,0.3387 A DC,14/01/2026 17:12:53.9,0.3329 A DC,Interval,14/01/2026 17:13:00.4
219,0.3346 A DC,14/01/2026 17:13:00.4,0:00:09.3,14/01/2026 17:13:03.2,0.3508 A DC,0.3384 A DC,14/01/2026 17:13:06.7,0.3325 A DC,Stable,14/01/2026 17:13:09.7
220,0.3697 A DC,14/01/2026 17:13:09.7,0:00:00.1,14/01/2026 17:13:09.7,0.3697 A DC,0.3697 A DC,14/01/2026 17:13:09.7,0.3697 A DC,Unstable,14/01/2026 17:13:09.8
221,0.3379 A DC,14/01/2026 17:13:09.8,0:00:00.6,14/01/2026 17:13:10.0,0.3383 A DC,0.3371 A DC,14/01/2026 17:13:10.1,0.3351 A DC,Interval,14/01/2026 17:13:10.4
222,0.3343 A DC,14/01/2026 17:13:10.4,0:00:10.1,14/01/2026 17:13:17.7,0.3513 A DC,0.3381 A DC,14/01/2026 17:13:10.9,0.3328 A DC,Interval,14/01/2026 17:13:20.5
223,0.3361 A DC,14/01/2026 17:13:20.5,0:00:05.4,14/01/2026 17:13:23.5,0.3513 A DC,0.3388 A DC,14/01/2026 17:13:23.1,0.3325 A DC,Stable,14/01/2026 17:13:25.9
224,0.3648 A DC,14/01/2026 17:13:25.9,0:00:01.3,14/01/2026 17:13:27.1,0.3828 A DC,0.3503 A DC,14/01/2026 17:13:26.0,0.3349 A DC,Unstable,14/01/2026 17:13:27.2
225,0.3492 A DC,14/01/2026 17:13:27.2,0:00:03.2,14/01/2026 17:13:29.2,0.3511 A DC,0.3378 A DC,14/01/2026 17:13:29.1,0.3325 A DC,Interval,14/01/2026 17:13:30.4
226,0.3346 A DC,14/01/2026 17:13:30.4,0:00:00.8,14/01/2026 17:13:31.0,0.3420 A DC,0.3385 A DC,14/01/2026 17:13:30.5,0.3342 A DC,Unstable,14/01/2026 17:13:31.2
227,0.3524 A DC,14/01/2026 17:13:31.2,0:00:09.3,14/01/2026 17:13:31.2,0.3524 A DC,0.3392 A DC,14/01/2026 17:13:36.1,0.3291 A DC,Interval,14/01/2026 17:13:40.5
228,0.3375 A DC,14/01/2026 17:13:40.5,0:00:06.9,14/01/2026 17:13:44.2,0.3486 A DC,0.3364 A DC,14/01/2026 17:13:45.8,0.3320 A DC,Stable,14/01/2026 17:13:47.4
229,0.3557 A DC,14/01/2026 17:13:47.4,0:00:03.3,14/01/2026 17:13:47.4,0.3557 A DC,0.3405 A DC,14/01/2026 17:13:49.8,0.3356 A DC,Interval,14/01/2026 17:13:50.7
230,0.3434 A DC,14/01/2026 17:13:50.7,0:00:01.4,14/01/2026 17:13:51.9,0.3465 A DC,0.3376 A DC,14/01/2026 17:13:51.7,0.3330 A DC,Stable,14/01/2026 17:13:52.1
231,0.3642 A DC,14/01/2026 17:13:52.1,0:00:00.4,14/01/2026 17:13:52.1,0.3642 A DC,0.3502 A DC,14/01/2026 17:13:52.4,0.3400 A DC,Unstable,14/01/2026 17:13:52.5
232,0.3377 A DC,14/01/2026 17:13:52.5,0:00:07.8,14/01/2026 17:13:53.3,0.3501 A DC,0.3387 A DC,14/01/2026 17:13:58.8,0.3332 A DC,Interval,14/01/2026 17:14:00.4
233,0.3378 A DC,14/01/2026 17:14:00.4,0:00:10.1,14/01/2026 17:14:09.7,0.3503 A DC,0.3390 A DC,14/01/2026 17:14:01.5,0.3317 A DC,Interval,14/01/2026 17:14:10.5
234,0.3336 A DC,14/01/2026 17:14:10.5,0:00:06.7,14/01/2026 17:14:11.3,0.3499 A DC,0.3382 A DC,14/01/2026 17:14:16.7,0.3312 A DC,Stable,14/01/2026 17:14:17.2
235,0.3550 A DC,14/01/2026 17:14:17.2,0:00:03.2,14/01/2026 17:14:17.7,0.3663 A DC,0.3411 A DC,14/01/2026 17:14:20.3,0.3343 A DC,Interval,14/01/2026 17:14:20.4
236,0.3339 A DC,14/01/2026 17:14:20.4,0:00:05.7,14/01/2026 17:14:23.2,0.3510 A DC,0.3379 A DC,14/01/2026 17:14:20.9,0.3326 A DC,Stable,14/01/2026 17:14:26.2
237,0.3697 A DC,14/01/2026 17:14:26.2,0:00:01.1,14/01/2026 17:14:27.1,0.3755 A DC,0.3457 A DC,14/01/2026 17:14:26.9,0.3316 A DC,Unstable,14/01/2026 17:14:27.3
238,0.3476 A DC,14/01/2026 17:14:27.3,0:00:03.2,14/01/2026 17:14:29.3,0.3541 A DC,0.3401 A DC,14/01/2026 17:14:27.9,0.3339 A DC,Interval,14/01/2026 17:14:30.5
239,0.3418 A DC,14/01/2026 17:14:30.5,0:00:09.2,14/01/2026 17:14:32.6,0.3562 A DC,0.3385 A DC,14/01/2026 17:14:36.9,0.3304 A DC,Stable,14/01/2026 17:14:39.6
240,0.3649 A DC,14/01/2026 17:14:39.6,0:00:00.1,14/01/2026 17:14:39.6,0.3649 A DC,0.3649 A DC,14/01/2026 17:14:39.6,0.3649 A DC,Unstable,14/01/2026 17:14:39.7
241,0.3350 A DC,14/01/2026 17:14:39.7,0:00:00.7,14/01/2026 17:14:40.2,0.3416 A DC,0.3357 A DC,14/01/2026 17:14:40.1,0.3325 A DC,Interval,14/01/2026 17:14:40.4
242,0.3429 A DC,14/01/2026 17:14:40.4,0:00:10.0,14/01/2026 17:14:41.4,0.3508 A DC,0.3400 A DC,14/01/2026 17:14:44.0,0.3331 A DC,Interval,14/01/2026 17:14:50.4
243,0.3427 A DC,14/01/2026 17:14:50.4,0:00:10.1,14/01/2026 17:14:54.2,0.3538 A DC,0.3400 A DC,14/01/2026 17:14:56.4,0.3337 A DC,Interval,14/01/2026 17:15:00.5
244,0.3343 A DC,14/01/2026 17:15:00.5,0:00:02.8,14/01/2026 17:15:02.8,0.3438 A DC,0.3367 A DC,14/01/2026 17:15:00.9,0.3330 A DC,Stable,14/01/2026 17:15:03.3
245,0.3612 A DC,14/01/2026 17:15:03.3,0:00:00.1,14/01/2026 17:15:03.3,0.3612 A DC,0.3612 A DC,14/01/2026 17:15:03.3,0.3612 A DC,Unstable,14/01/2026 17:15:03.4
246,0.3411 A DC,14/01/2026 17:15:03.4,0:00:07.0,14/01/2026 17:15:08.2,0.3490 A DC,0.3388 A DC,14/01/2026 17:15:07.5,0.3329 A DC,Interval,14/01/2026 17:15:10.4
247,0.3357 A DC,14/01/2026 17:15:10.4,0:00:10.1,14/01/2026 17:15:17.3,0.3524 A DC,0.3384 A DC,14/01/2026 17:15:17.5,0.3292 A DC,Interval,14/01/2026 17:15:20.5
248,0.3397 A DC,14/01/2026 17:15:20.5,0:00:05.7,14/01/2026 17:15:23.5,0.3469 A DC,0.3378 A DC,14/01/2026 17:15:23.9,0.3323 A DC,Stable,14/01/2026 17:15:26.2
249,0.3672 A DC,14/01/2026 17:15:26.2,0:00:00.9,14/01/2026 17:15:27.0,0.3772 A DC,0.3465 A DC,14/01/2026 17:15:26.9,0.3346 A DC,Unstable,14/01/2026 17:15:27.1
250,0.3470 A DC,14/01/2026 17:15:27.1,0:00:02.1,14/01/2026 17:15:27.1,0.3470 A DC,0.3377 A DC,14/01/2026 17:15:27.6,0.3296 A DC,Stable,14/01/2026 17:15:29.2
251,0.3823 A DC,14/01/2026 17:15:29.2,0:00:00.4,14/01/2026 17:15:29.2,0.3823 A DC,0.3577 A DC,14/01/2026 17:15:29.4,0.3388 A DC,Unstable,14/01/2026 17:15:29.6
252,0.3370 A DC,14/01/2026 17:15:29.6,0:00:00.8,14/01/2026 17:15:30.2,0.3467 A DC,0.3381 A DC,14/01/2026 17:15:29.9,0.3326 A DC,Interval,14/01/2026 17:15:30.4
253,0.3389 A DC,14/01/2026 17:15:30.4,0:00:05.3,14/01/2026 17:15:33.4,0.3487 A DC,0.3385 A DC,14/01/2026 17:15:35.7,0.3323 A DC,Stable,14/01/2026 17:15:35.8
254,0.3574 A DC,14/01/2026 17:15:35.8,0:00:00.1,14/01/2026 17:15:35.8,0.3574 A DC,0.3574 A DC,14/01/2026 17:15:35.8,0.3574 A DC,Unstable,14/01/2026 17:15:35.9
255,0.3377 A DC,14/01/2026 17:15:35.9,0:00:04.5,14/01/2026 17:15:38.2,0.3504 A DC,0.3390 A DC,14/01/2026 17:15:36.1,0.3324 A DC,Interval,14/01/2026 17:15:40.4
256,0.3386 A DC,14/01/2026 17:15:40.4,0:00:10.1,14/01/2026 17:15:44.2,0.3533 A DC,0.3382 A DC,14/01/2026 17:15:42.8,0.3263 A DC,Interval,14/01/2026 17:15:50.5
257,0.3388 A DC,14/01/2026 17:15:50.5,0:00:10.0,14/01/2026 17:16:00.2,0.3493 A DC,0.3376 A DC,14/01/2026 17:15:58.9,0.3321 A DC,Interval,14/01/2026 17:16:00.4
258,0.3349 A DC,14/01/2026 17:16:00.4,0:00:09.3,14/01/2026 17:16:01.2,0.3496 A DC,0.3376 A DC,14/01/2026 17:16:04.9,0.3324 A DC,Stable,14/01/2026 17:16:09.7
259,0.3716 A DC,14/01/2026 17:16:09.7,0:00:00.1,14/01/2026 17:16:09.7,0.3716 A DC,0.3716 A DC,14/01/2026 17:16:09.7,0.3716 A DC,Unstable,14/01/2026 17:16:09.8
260,0.3404 A DC,14/01/2026 17:16:09.8,0:00:00.7,14/01/2026 17:16:10.0,0.3416 A DC,0.3382 A DC,14/01/2026 17:16:10.4,0.3329 A DC,Interval,14/01/2026 17:16:10.5
261,0.3325 A DC,14/01/2026 17:16:10.5,0:00:07.2,14/01/2026 17:16:14.2,0.3495 A DC,0.3372 A DC,14/01/2026 17:16:10.8,0.3318 A DC,Stable,14/01/2026 17:16:17.7
262,0.3643 A DC,14/01/2026 17:16:17.7,0:00:00.1,14/01/2026 17:16:17.7,0.3643 A DC,0.3643 A DC,14/01/2026 17:16:17.7,0.3643 A DC,Unstable,14/01/2026 17:16:17.8
263,0.3406 A DC,14/01/2026 17:16:17.8,0:00:02.6,14/01/2026 17:16:18.5,0.3440 A DC,0.3388 A DC,14/01/2026 17:16:18.0,0.3349 A DC,Interval,14/01/2026 17:16:20.4
264,0.3392 A DC,14/01/2026 17:16:20.4,0:00:10.0,14/01/2026 17:16:23.5,0.3592 A DC,0.3385 A DC,14/01/2026 17:16:28.4,0.3274 A DC,Interval,14/01/2026 17:16:30.4
265,0.3354 A DC,14/01/2026 17:16:30.4,0:00:10.1,14/01/2026 17:16:32.3,0.3529 A DC,0.3381 A DC,14/01/2026 17:16:38.6,0.3293 A DC,Interval,14/01/2026 17:16:40.5
266,0.3334 A DC,14/01/2026 17:16:40.5,0:00:10.0,14/01/2026 17:16:48.5,0.3506 A DC,0.3379 A DC,14/01/2026 17:16:44.8,0.3318 A DC,Interval,14/01/2026 17:16:50.4
267,0.3383 A DC,14/01/2026 17:16:50.4,0:00:09.0,14/01/2026 17:16:53.2,0.3480 A DC,0.3362 A DC,14/01/2026 17:16:56.5,0.3311 A DC,Stable,14/01/2026 17:16:59.4
268,0.3585 A DC,14/01/2026 17:16:59.4,0:00:00.1,14/01/2026 17:16:59.4,0.3585 A DC,0.3585 A DC,14/01/2026 17:16:59.4,0.3585 A DC,Unstable,14/01/2026 17:16:59.5
269,0.3382 A DC,14/01/2026 17:16:59.5,0:00:01.0,14/01/2026 17:17:00.2,0.3402 A DC,0.3366 A DC,14/01/2026 17:16:59.9,0.3347 A DC,Interval,14/01/2026 17:17:00.5
270,0.3497 A DC,14/01/2026 17:17:00.5,0:00:08.4,14/01/2026 17:17:06.2,0.3504 A DC,0.3374 A DC,14/01/2026 17:17:08.8,0.3319 A DC,Stable,14/01/2026 17:17:08.9
271,0.3275 A DC,14/01/2026 17:17:08.9,0:00:00.8,14/01/2026 17:17:09.6,0.3628 A DC,0.3387 A DC,14/01/2026 17:17:08.9,0.3275 A DC,Unstable,14/01/2026 17:17:09.7
272,0.3369 A DC,14/01/2026 17:17:09.7,0:00:00.7,14/01/2026 17:17:10.2,0.3411 A DC,0.3351 A DC,14/01/2026 17:17:10.1,0.3333 A DC,Interval,14/01/2026 17:17:10.4
273,0.3347 A DC,14/01/2026 17:17:10.4,0:00:06.8,14/01/2026 17:17:12.3,0.3475 A DC,0.3371 A DC,14/01/2026 17:17:14.1,0.3317 A DC,Stable,14/01/2026 17:17:17.3
274,0.3604 A DC,14/01/2026 17:17:17.3,0:00:00.1,14/01/2026 17:17:17.3,0.3604 A DC,0.3604 A DC,14/01/2026 17:17:17.3,0.3604 A DC,Unstable,14/01/2026 17:17:17.4
275,0.3380 A DC,14/01/2026 17:17:17.4,0:00:03.0,14/01/2026 17:17:17.7,0.3522 A DC,0.3364 A DC,14/01/2026 17:17:19.1,0.3301 A DC,Interval,14/01/2026 17:17:20.4
276,0.3323 A DC,14/01/2026 17:17:20.4,0:00:05.9,14/01/2026 17:17:21.2,0.3485 A DC,0.3372 A DC,14/01/2026 17:17:20.4,0.3323 A DC,Stable,14/01/2026 17:17:26.3
277,0.3679 A DC,14/01/2026 17:17:26.3,0:00:00.9,14/01/2026 17:17:27.0,0.3771 A DC,0.3451 A DC,14/01/2026 17:17:26.7,0.3318 A DC,Unstable,14/01/2026 17:17:27.3
278,0.3404 A DC,14/01/2026 17:17:27.3,0:00:02.0,14/01/2026 17:17:28.3,0.3462 A DC,0.3372 A DC,14/01/2026 17:17:29.2,0.3312 A DC,Stable,14/01/2026 17:17:29.3
279,0.3686 A DC,14/01/2026 17:17:29.3,0:00:00.1,14/01/2026 17:17:29.3,0.3686 A DC,0.3686 A DC,14/01/2026 17:17:29.3,0.3686 A DC,Unstable,14/01/2026 17:17:29.4
280,0.3488 A DC,14/01/2026 17:17:29.4,0:00:01.1,14/01/2026 17:17:29.4,0.3488 A DC,0.3389 A DC,14/01/2026 17:17:30.1,0.3336 A DC,Interval,14/01/2026 17:17:30.5
281,0.3365 A DC,14/01/2026 17:17:30.5,0:00:10.0,14/01/2026 17:17:39.2,0.3492 A DC,0.3366 A DC,14/01/2026 17:17:31.0,0.3312 A DC,Interval,14/01/2026 17:17:40.4
282,0.3411 A DC,14/01/2026 17:17:40.4,0:00:10.0,14/01/2026 17:17:46.9,0.3516 A DC,0.3366 A DC,14/01/2026 17:17:48.8,0.3315 A DC,Interval,14/01/2026 17:17:50.4
283,0.3378 A DC,14/01/2026 17:17:50.4,0:00:10.1,14/01/2026 17:17:56.2,0.3486 A DC,0.3369 A DC,14/01/2026 17:17:54.5,0.3280 A DC,Interval,14/01/2026 17:18:00.4
284,0.3382 A DC,14/01/2026 17:18:00.4,0:00:06.5,14/01/2026 17:18:02.4,0.3432 A DC,0.3362 A DC,14/01/2026 17:18:06.5,0.3309 A DC,Stable,14/01/2026 17:18:07.0
285,0.3692 A DC,14/01/2026 17:18:07.0,0:00:00.1,14/01/2026 17:18:07.0,0.3692 A DC,0.3692 A DC,14/01/2026 17:18:07.0,0.3692 A DC,Unstable,14/01/2026 17:18:07.1
286,0.3358 A DC,14/01/2026 17:18:07.1,0:00:03.3,14/01/2026 17:18:09.2,0.3492 A DC,0.3379 A DC,14/01/2026 17:18:07.5,0.3330 A DC,Interval,14/01/2026 17:18:10.4
287,0.3326 A DC,14/01/2026 17:18:10.4,0:00:06.8,14/01/2026 17:18:13.5,0.3482 A DC,0.3359 A DC,14/01/2026 17:18:11.5,0.3312 A DC,Stable,14/01/2026 17:18:17.3
288,0.3531 A DC,14/01/2026 17:18:17.3,0:00:03.2,14/01/2026 17:18:17.3,0.3531 A DC,0.3374 A DC,14/01/2026 17:18:17.6,0.3314 A DC,Interval,14/01/2026 17:18:20.5
289,0.3344 A DC,14/01/2026 17:18:20.5,0:00:01.2,14/01/2026 17:18:21.3,0.3473 A DC,0.3388 A DC,14/01/2026 17:18:20.9,0.3342 A DC,Stable,14/01/2026 17:18:21.7
290,0.3674 A DC,14/01/2026 17:18:21.7,0:00:00.1,14/01/2026 17:18:21.7,0.3674 A DC,0.3674 A DC,14/01/2026 17:18:21.7,0.3674 A DC,Unstable,14/01/2026 17:18:21.8
291,0.3442 A DC,14/01/2026 17:18:21.8,0:00:04.8,14/01/2026 17:18:26.2,0.3529 A DC,0.3381 A DC,14/01/2026 17:18:24.9,0.3303 A DC,Stable,14/01/2026 17:18:26.6
292,0.3679 A DC,14/01/2026 17:18:26.6,0:00:00.1,14/01/2026 17:18:26.6,0.3679 A DC,0.3679 A DC,14/01/2026 17:18:26.6,0.3679 A DC,Unstable,14/01/2026 17:18:26.7
293,0.3372 A DC,14/01/2026 17:18:26.7,0:00:02.5,14/01/2026 17:18:29.1,0.3560 A DC,0.3373 A DC,14/01/2026 17:18:28.6,0.3312 A DC,Stable,14/01/2026 17:18:29.2
294,0.3768 A DC,14/01/2026 17:18:29.2,0:00:01.1,14/01/2026 17:18:29.2,0.3768 A DC,0.3411 A DC,14/01/2026 17:18:29.9,0.3285 A DC,Unstable,14/01/2026 17:18:30.3
295,0.3404 A DC,14/01/2026 17:18:30.3,0:00:00.1,14/01/2026 17:18:30.3,0.3404 A DC,0.3404 A DC,14/01/2026 17:18:30.3,0.3404 A DC,Interval,14/01/2026 17:18:30.4
296,0.3385 A DC,14/01/2026 17:18:30.4,0:00:10.0,14/01/2026 17:18:34.1,0.3520 A DC,0.3369 A DC,14/01/2026 17:18:40.1,0.3282 A DC,Interval,14/01/2026 17:18:40.4
297,0.3382 A DC,14/01/2026 17:18:40.4,0:00:04.5,14/01/2026 17:18:44.2,0.3449 A DC,0.3374 A DC,14/01/2026 17:18:41.0,0.3318 A DC,Stable,14/01/2026 17:18:44.9
298,0.3572 A DC,14/01/2026 17:18:44.9,0:00:01.1,14/01/2026 17:18:44.9,0.3572 A DC,0.3396 A DC,14/01/2026 17:18:45.9,0.3323 A DC,Stable,14/01/2026 17:18:46.0
299,0.3317 A DC,14/01/2026 17:18:46.0,0:00:02.2,14/01/2026 17:18:48.0,0.3447 A DC,0.3363 A DC,14/01/2026 17:18:46.0,0.3317 A DC,Stable,14/01/2026 17:18:48.2
300,0.3518 A DC,14/01/2026 17:18:48.2,0:00:02.2,14/01/2026 17:18:49.2,0.3542 A DC,0.3413 A DC,14/01/2026 17:18:48.5,0.3349 A DC,Interval,14/01/2026 17:18:50.5
301,0.3340 A DC,14/01/2026 17:18:50.5,0:00:10.0,14/01/2026 17:18:58.2,0.3465 A DC,0.3366 A DC,14/01/2026 17:19:00.3,0.3297 A DC,Interval,14/01/2026 17:19:00.4
302,0.3323 A DC,14/01/2026 17:19:00.4,0:00:08.9,14/01/2026 17:19:01.2,0.3503 A DC,0.3370 A DC,14/01/2026 17:19:03.4,0.3314 A DC,Stable,14/01/2026 17:19:09.3
303,0.3773 A DC,14/01/2026 17:19:09.3,0:00:00.1,14/01/2026 17:19:09.3,0.3773 A DC,0.3773 A DC,14/01/2026 17:19:09.3,0.3773 A DC,Unstable,14/01/2026 17:19:09.4
304,0.3353 A DC,14/01/2026 17:19:09.4,0:00:01.1,14/01/2026 17:19:09.7,0.3487 A DC,0.3373 A DC,14/01/2026 17:19:09.5,0.3317 A DC,Interval,14/01/2026 17:19:10.5
305,0.3330 A DC,14/01/2026 17:19:10.5,0:00:10.0,14/01/2026 17:19:12.1,0.3511 A DC,0.3379 A DC,14/01/2026 17:19:14.0,0.3312 A DC,Interval,14/01/2026 17:19:20.4
306,0.3320 A DC,14/01/2026 17:19:20.4,0:00:03.0,14/01/2026 17:19:23.3,0.3476 A DC,0.3357 A DC,14/01/2026 17:19:20.6,0.3294 A DC,Stable,14/01/2026 17:19:23.5
307,0.3644 A DC,14/01/2026 17:19:23.5,0:00:00.1,14/01/2026 17:19:23.5,0.3644 A DC,0.3644 A DC,14/01/2026 17:19:23.5,0.3644 A DC,Unstable,14/01/2026 17:19:23.6
308,0.3415 A DC,14/01/2026 17:19:23.6,0:00:02.7,14/01/2026 17:19:23.8,0.3506 A DC,0.3391 A DC,14/01/2026 17:19:25.7,0.3282 A DC,Stable,14/01/2026 17:19:26.3
309,0.3746 A DC,14/01/2026 17:19:26.3,0:00:00.9,14/01/2026 17:19:27.1,0.3763 A DC,0.3420 A DC,14/01/2026 17:19:26.8,0.3315 A DC,Unstable,14/01/2026 17:19:27.2
310,0.3394 A DC,14/01/2026 17:19:27.2,0:00:03.2,14/01/2026 17:19:29.2,0.3587 A DC,0.3406 A DC,14/01/2026 17:19:28.1,0.3325 A DC,Interval,14/01/2026 17:19:30.4
311,0.3347 A DC,14/01/2026 17:19:30.4,0:00:01.7,14/01/2026 17:19:31.2,0.3438 A DC,0.3362 A DC,14/01/2026 17:19:31.6,0.3333 A DC,Stable,14/01/2026 17:19:32.1
312,0.3559 A DC,14/01/2026 17:19:32.1,0:00:00.3,14/01/2026 17:19:32.1,0.3559 A DC,0.3489 A DC,14/01/2026 17:19:32.3,0.3425 A DC,Unstable,14/01/2026 17:19:32.4
313,0.3336 A DC,14/01/2026 17:19:32.4,0:00:05.0,14/01/2026 17:19:36.2,0.3479 A DC,0.3365 A DC,14/01/2026 17:19:32.5,0.3317 A DC,Stable,14/01/2026 17:19:37.4
314,0.3553 A DC,14/01/2026 17:19:37.4,0:00:03.0,14/01/2026 17:19:37.4,0.3553 A DC,0.3358 A DC,14/01/2026 17:19:38.5,0.3311 A DC,Interval,14/01/2026 17:19:40.5
315,0.3352 A DC,14/01/2026 17:19:40.5,0:00:10.0,14/01/2026 17:19:47.2,0.3523 A DC,0.3385 A DC,14/01/2026 17:19:45.9,0.3292 A DC,Interval,14/01/2026 17:19:50.4
316,0.3363 A DC,14/01/2026 17:19:50.4,0:00:10.1,14/01/2026 17:19:54.2,0.3453 A DC,0.3371 A DC,14/01/2026 17:19:56.6,0.3318 A DC,Interval,14/01/2026 17:20:00.5
317,0.3396 A DC,14/01/2026 17:20:00.5,0:00:09.2,14/01/2026 17:20:03.2,0.3539 A DC,0.3361 A DC,14/01/2026 17:20:02.0,0.3304 A DC,Stable,14/01/2026 17:20:09.6
318,0.3583 A DC,14/01/2026 17:20:09.6,0:00:00.1,14/01/2026 17:20:09.6,0.3583 A DC,0.3583 A DC,14/01/2026 17:20:09.6,0.3583 A DC,Unstable,14/01/2026 17:20:09.7
319,0.3343 A DC,14/01/2026 17:20:09.7,0:00:00.7,14/01/2026 17:20:10.2,0.3389 A DC,0.3346 A DC,14/01/2026 17:20:09.9,0.3330 A DC,Interval,14/01/2026 17:20:10.4
320,0.3345 A DC,14/01/2026 17:20:10.4,0:00:06.3,14/01/2026 17:20:16.6,0.3543 A DC,0.3366 A DC,14/01/2026 17:20:14.5,0.3319 A DC,Stable,14/01/2026 17:20:16.8
321,0.3564 A DC,14/01/2026 17:20:16.8,0:00:01.0,14/01/2026 17:20:17.7,0.3689 A DC,0.3440 A DC,14/01/2026 17:20:17.0,0.3342 A DC,Unstable,14/01/2026 17:20:17.8
322,0.3413 A DC,14/01/2026 17:20:17.8,0:00:02.8,14/01/2026 17:20:18.2,0.3419 A DC,0.3340 A DC,14/01/2026 17:20:19.1,0.3310 A DC,Interval,14/01/2026 17:20:20.6
323,0.3372 A DC,14/01/2026 17:20:20.6,0:00:03.1,14/01/2026 17:20:22.2,0.3477 A DC,0.3380 A DC,14/01/2026 17:20:21.4,0.3305 A DC,Stable,14/01/2026 17:20:23.7
324,0.3675 A DC,14/01/2026 17:20:23.7,0:00:00.1,14/01/2026 17:20:23.7,0.3675 A DC,0.3675 A DC,14/01/2026 17:20:23.7,0.3675 A DC,Unstable,14/01/2026 17:20:23.8
325,0.3355 A DC,14/01/2026 17:20:23.8,0:00:06.6,14/01/2026 17:20:26.2,0.3547 A DC,0.3380 A DC,14/01/2026 17:20:24.8,0.3311 A DC,Interval,14/01/2026 17:20:30.5
326,0.3320 A DC,14/01/2026 17:20:30.5,0:00:04.7,14/01/2026 17:20:34.2,0.3493 A DC,0.3374 A DC,14/01/2026 17:20:31.5,0.3309 A DC,Stable,14/01/2026 17:20:35.2
327,0.3575 A DC,14/01/2026 17:20:35.2,0:00:00.5,14/01/2026 17:20:35.2,0.3575 A DC,0.3438 A DC,14/01/2026 17:20:35.6,0.3332 A DC,Unstable,14/01/2026 17:20:35.7
328,0.3330 A DC,14/01/2026 17:20:35.7,0:00:04.7,14/01/2026 17:20:37.2,0.3493 A DC,0.3373 A DC,14/01/2026 17:20:36.6,0.3294 A DC,Interval,14/01/2026 17:20:40.4
329,0.3433 A DC,14/01/2026 17:20:40.4,0:00:10.1,14/01/2026 17:20:46.0,0.3514 A DC,0.3366 A DC,14/01/2026 17:20:42.1,0.3316 A DC,Interval,14/01/2026 17:20:50.5
330,0.3456 A DC,14/01/2026 17:20:50.5,0:00:00.0,, , ,, ,Logging Stopped,14/01/2026 17:20:50.5

,,A DC,,Average A DC
1,Sample,0.339,14/01/2026 17:00:51.0,0.341775
1,Max,0.3478,14/01/2026 17:00:51.3
1,Min,0.3386,14/01/2026 17:00:52.6
2,Sample,0.2351,14/01/2026 17:00:53.0,0.2366
2,Min,0.2022,14/01/2026 17:00:53.1
2,Max,0.267,14/01/2026 17:00:53.3
3,Sample,0.3133,14/01/2026 17:00:53.5,0.31454
3,Min,0.3087,14/01/2026 17:00:53.6
3,Max,0.3244,14/01/2026 17:00:54.3
4,Sample,0.3424,14/01/2026 17:00:55.0,0.325733333333333
4,Min,0.3184,14/01/2026 17:00:55.4
4,Max,0.3482,14/01/2026 17:00:56.1
5,Sample,0.3284,14/01/2026 17:00:56.2,0.322340476190476
5,Min,0.3085,14/01/2026 17:00:57.5
5,Max,0.3394,14/01/2026 17:00:59.2
6,Sample,0.3003,14/01/2026 17:01:00.5,0.286833333333333
6,Max,0.3003,14/01/2026 17:01:00.5
6,Min,0.2798,14/01/2026 17:01:00.7
7,Sample,0.3276,14/01/2026 17:01:00.8,0.314307142857143
7,Max,0.3289,14/01/2026 17:01:01.1
7,Min,0.3091,14/01/2026 17:01:01.6
8,Sample,0.3847,14/01/2026 17:01:02.2,0.39615
8,Min,0.3847,14/01/2026 17:01:02.2
8,Max,0.4076,14/01/2026 17:01:02.3
9,Sample,0.3322,14/01/2026 17:01:02.4,0.333077777777778
9,Min,0.3249,14/01/2026 17:01:03.0
9,Max,0.348,14/01/2026 17:01:04.3
10,Sample,0.3524,14/01/2026 17:01:07.3,0.33653
10,Max,0.3524,14/01/2026 17:01:07.3
10,Min,0.327,14/01/2026 17:01:07.6
11,Sample,0.3467,14/01/2026 17:01:08.3,0.339614285714286
11,Min,0.3268,14/01/2026 17:01:08.6
11,Max,0.3486,14/01/2026 17:01:10.3
12,Sample,0.3462,14/01/2026 17:01:10.4,0.3451875
12,Max,0.3553,14/01/2026 17:01:11.3
12,Min,0.3328,14/01/2026 17:01:11.9
13,Sample,0.3287,14/01/2026 17:01:12.0,0.335430769230769
13,Min,0.3287,14/01/2026 17:01:12.0
13,Max,0.3426,14/01/2026 17:01:12.3
14,Sample,0.3527,14/01/2026 17:01:13.3,0.3527
14,Max,0.3527,14/01/2026 17:01:13.3
14,Min,0.3527,14/01/2026 17:01:13.3
15,Sample,0.3345,14/01/2026 17:01:13.4,0.334107692307692
15,Max,0.3476,14/01/2026 17:01:13.8
15,Min,0.3285,14/01/2026 17:01:14.6
16,Sample,0.3515,14/01/2026 17:01:16.5,0.336985
16,Max,0.3571,14/01/2026 17:01:17.8
16,Min,0.3262,14/01/2026 17:01:20.2
17,Sample,0.329,14/01/2026 17:01:20.5,0.333883333333333
17,Max,0.3442,14/01/2026 17:01:21.3
17,Min,0.3268,14/01/2026 17:01:21.5
18,Sample,0.3566,14/01/2026 17:01:22.3,0.3566
18,Max,0.3566,14/01/2026 17:01:22.3
18,Min,0.3566,14/01/2026 17:01:22.3
19,Sample,0.3379,14/01/2026 17:01:22.4,0.335527272727273
19,Min,0.3312,14/01/2026 17:01:22.6
19,Max,0.3412,14/01/2026 17:01:23.3
20,Sample,0.3558,14/01/2026 17:01:23.5,0.3558
20,Max,0.3558,14/01/2026 17:01:23.5
20,Min,0.3558,14/01/2026 17:01:23.5
21,Sample,0.3343,14/01/2026 17:01:23.6,0.335715384615385
21,Max,0.3458,14/01/2026 17:01:25.3
21,Min,0.3298,14/01/2026 17:01:26.0
22,Sample,0.3721,14/01/2026 17:01:26.2,0.350166666666667
22,Min,0.3333,14/01/2026 17:01:26.8
22,Max,0.3732,14/01/2026 17:01:26.9
23,Sample,0.3346,14/01/2026 17:01:27.1,0.338511111111111
23,Min,0.3331,14/01/2026 17:01:27.2
23,Max,0.3455,14/01/2026 17:01:28.2
24,Sample,0.3537,14/01/2026 17:01:29.3,0.344845454545455
24,Max,0.3537,14/01/2026 17:01:29.3
24,Min,0.3408,14/01/2026 17:01:29.9
25,Sample,0.3329,14/01/2026 17:01:30.4,0.335863157894737
25,Max,0.3425,14/01/2026 17:01:30.6
25,Min,0.3311,14/01/2026 17:01:32.0
26,Sample,0.3541,14/01/2026 17:01:32.4,0.3593
26,Min,0.3541,14/01/2026 17:01:32.4
26,Max,0.3645,14/01/2026 17:01:32.5
27,Sample,0.3388,14/01/2026 17:01:32.6,0.336512820512821
27,Min,0.3292,14/01/2026 17:01:37.1
27,Max,0.3529,14/01/2026 17:01:40.3
28,Sample,0.3622,14/01/2026 17:01:40.4,0.35944
28,Max,0.3622,14/01/2026 17:01:40.4
28,Min,0.354,14/01/2026 17:01:40.8
29,Sample,0.3412,14/01/2026 17:01:41.3,0.338362711864407
29,Max,0.3525,14/01/2026 17:01:46.1
29,Min,0.3306,14/01/2026 17:01:47.1
30,Sample,0.3568,14/01/2026 17:01:47.2,0.348542857142857
30,Max,0.3568,14/01/2026 17:01:47.2
30,Min,0.3451,14/01/2026 17:01:47.4
31,Sample,0.334,14/01/2026 17:01:47.9,0.337848
31,Max,0.347,14/01/2026 17:01:49.3
31,Min,0.3327,14/01/2026 17:01:49.9
32,Sample,0.3417,14/01/2026 17:01:50.5,0.338564210526316
32,Max,0.3516,14/01/2026 17:01:54.3
32,Min,0.3295,14/01/2026 17:01:55.5
33,Sample,0.3365,14/01/2026 17:02:00.4,0.336735
33,Min,0.3296,14/01/2026 17:02:02.1
33,Max,0.3432,14/01/2026 17:02:03.2
34,Sample,0.3603,14/01/2026 17:02:04.4,0.340173076923077
34,Max,0.3603,14/01/2026 17:02:04.4
34,Min,0.3341,14/01/2026 17:02:05.8
35,Sample,0.3333,14/01/2026 17:02:07.5,0.339453333333333
35,Min,0.3333,14/01/2026 17:02:07.5
35,Max,0.3504,14/01/2026 17:02:10.3
36,Sample,0.3411,14/01/2026 17:02:10.5,0.337782105263158
36,Min,0.3301,14/01/2026 17:02:12.8
36,Max,0.3528,14/01/2026 17:02:17.3
37,Sample,0.3397,14/01/2026 17:02:20.4,0.3395859375
37,Min,0.3309,14/01/2026 17:02:22.5
37,Max,0.3576,14/01/2026 17:02:23.8
38,Sample,0.3792,14/01/2026 17:02:26.9,0.3792
38,Max,0.3792,14/01/2026 17:02:26.9
38,Min,0.3792,14/01/2026 17:02:26.9
39,Sample,0.3359,14/01/2026 17:02:27.0,0.337382608695652
39,Min,0.3332,14/01/2026 17:02:27.2
39,Max,0.3436,14/01/2026 17:02:29.2
40,Sample,0.3595,14/01/2026 17:02:29.3,0.3511
40,Max,0.3595,14/01/2026 17:02:29.3
40,Min,0.3427,14/01/2026 17:02:29.4
41,Sample,0.3316,14/01/2026 17:02:29.5,0.341377777777778
41,Min,0.3316,14/01/2026 17:02:29.5
41,Max,0.3495,14/01/2026 17:02:30.3
42,Sample,0.3372,14/01/2026 17:02:30.4,0.338179545454545
42,Min,0.3308,14/01/2026 17:02:30.6
42,Max,0.3486,14/01/2026 17:02:33.3
43,Sample,0.3617,14/01/2026 17:02:35.2,0.3536
43,Max,0.3617,14/01/2026 17:02:35.2
43,Min,0.3455,14/01/2026 17:02:35.3
44,Sample,0.3321,14/01/2026 17:02:35.4,0.33664
44,Min,0.3307,14/01/2026 17:02:35.7
44,Max,0.3436,14/01/2026 17:02:38.9
45,Sample,0.3329,14/01/2026 17:02:40.5,0.336822666666667
45,Min,0.3284,14/01/2026 17:02:42.7
45,Max,0.3475,14/01/2026 17:02:43.3
46,Sample,0.3564,14/01/2026 17:02:48.4,0.3564
46,Max,0.3564,14/01/2026 17:02:48.4
46,Min,0.3564,14/01/2026 17:02:48.4
47,Sample,0.3333,14/01/2026 17:02:48.5,0.334505263157895
47,Min,0.3307,14/01/2026 17:02:48.9
47,Max,0.3397,14/01/2026 17:02:50.2
48,Sample,0.356,14/01/2026 17:02:50.4,0.339982608695652
48,Max,0.356,14/01/2026 17:02:50.4
48,Min,0.3341,14/01/2026 17:02:51.1
49,Sample,0.3309,14/01/2026 17:02:52.7,0.336328571428571
49,Min,0.3287,14/01/2026 17:02:52.8
49,Max,0.3423,14/01/2026 17:02:53.2
50,Sample,0.3542,14/01/2026 17:02:54.1,0.34135
50,Max,0.3542,14/01/2026 17:02:54.1
50,Min,0.3337,14/01/2026 17:02:54.7
51,Sample,0.3318,14/01/2026 17:02:54.8,0.336757142857143
51,Min,0.3318,14/01/2026 17:02:54.8
51,Max,0.3472,14/01/2026 17:02:56.3
52,Sample,0.3503,14/01/2026 17:02:57.3,0.33688125
52,Max,0.3503,14/01/2026 17:02:57.3
52,Min,0.3316,14/01/2026 17:02:59.0
53,Sample,0.3402,14/01/2026 17:03:00.5,0.339948101265823
53,Min,0.3313,14/01/2026 17:03:03.0
53,Max,0.352,14/01/2026 17:03:08.2
54,Sample,0.3644,14/01/2026 17:03:08.4,0.346814285714286
54,Max,0.3644,14/01/2026 17:03:08.4
54,Min,0.3385,14/01/2026 17:03:09.4
55,Sample,0.336,14/01/2026 17:03:09.5,0.336655555555556
55,Min,0.3352,14/01/2026 17:03:09.9
55,Max,0.3424,14/01/2026 17:03:10.2
56,Sample,0.3381,14/01/2026 17:03:10.5,0.337608823529412
56,Max,0.3522,14/01/2026 17:03:14.3
56,Min,0.3314,14/01/2026 17:03:16.9
57,Sample,0.3576,14/01/2026 17:03:17.3,0.3576
57,Max,0.3576,14/01/2026 17:03:17.3
57,Min,0.3576,14/01/2026 17:03:17.3
58,Sample,0.334,14/01/2026 17:03:17.4,0.339313333333333
58,Min,0.334,14/01/2026 17:03:17.4
58,Max,0.3492,14/01/2026 17:03:17.8
59,Sample,0.3409,14/01/2026 17:03:20.4,0.338641666666667
59,Min,0.3313,14/01/2026 17:03:22.1
59,Max,0.3497,14/01/2026 17:03:24.2
60,Sample,0.3756,14/01/2026 17:03:26.8,0.3756
60,Max,0.3756,14/01/2026 17:03:26.8
60,Min,0.3756,14/01/2026 17:03:26.8
61,Sample,0.3362,14/01/2026 17:03:26.9,0.336186956521739
61,Max,0.3437,14/01/2026 17:03:27.3
61,Min,0.3296,14/01/2026 17:03:27.9
62,Sample,0.3657,14/01/2026 17:03:29.3,0.3657
62,Max,0.3657,14/01/2026 17:03:29.3
62,Min,0.3657,14/01/2026 17:03:29.3
63,Sample,0.336,14/01/2026 17:03:29.4,0.341209090909091
63,Max,0.3552,14/01/2026 17:03:29.6
63,Min,0.3343,14/01/2026 17:03:30.2
64,Sample,0.337,14/01/2026 17:03:30.5,0.337613684210526
64,Max,0.3484,14/01/2026 17:03:38.7
64,Min,0.3295,14/01/2026 17:03:39.1
65,Sample,0.3333,14/01/2026 17:03:40.4,0.336943859649123
65,Max,0.3499,14/01/2026 17:03:43.2
65,Min,0.3317,14/01/2026 17:03:45.8
66,Sample,0.366,14/01/2026 17:03:46.2,0.351966666666667
66,Max,0.366,14/01/2026 17:03:46.2
66,Min,0.3401,14/01/2026 17:03:46.4
67,Sample,0.339,14/01/2026 17:03:46.5,0.3381
67,Max,0.3492,14/01/2026 17:03:48.3
67,Min,0.3293,14/01/2026 17:03:48.6
68,Sample,0.3344,14/01/2026 17:03:50.4,0.337326041666667
68,Max,0.3472,14/01/2026 17:03:56.2
68,Min,0.3311,14/01/2026 17:03:58.1
69,Sample,0.3434,14/01/2026 17:04:00.5,0.340276190476191
69,Max,0.3467,14/01/2026 17:04:01.0
69,Min,0.3329,14/01/2026 17:04:02.2
70,Sample,0.365,14/01/2026 17:04:02.6,0.365
70,Max,0.365,14/01/2026 17:04:02.6
70,Min,0.365,14/01/2026 17:04:02.6
71,Sample,0.3402,14/01/2026 17:04:02.7,0.338037662337662
71,Min,0.3301,14/01/2026 17:04:02.8
71,Max,0.3519,14/01/2026 17:04:04.3
72,Sample,0.3395,14/01/2026 17:04:10.4,0.3373484375
72,Max,0.3456,14/01/2026 17:04:13.8
72,Min,0.3318,14/01/2026 17:04:15.1
73,Sample,0.3578,14/01/2026 17:04:17.3,0.341880952380952
73,Max,0.3613,14/01/2026 17:04:17.8
73,Min,0.3338,14/01/2026 17:04:18.8
74,Sample,0.3333,14/01/2026 17:04:19.4,0.334827272727273
74,Min,0.3324,14/01/2026 17:04:19.9
74,Max,0.3407,14/01/2026 17:04:20.3
75,Sample,0.3317,14/01/2026 17:04:20.5,0.335672727272727
75,Min,0.3289,14/01/2026 17:04:21.1
75,Max,0.3462,14/01/2026 17:04:21.3
76,Sample,0.3533,14/01/2026 17:04:21.6,0.338116326530612
76,Min,0.3297,14/01/2026 17:04:24.0
76,Max,0.3643,14/01/2026 17:04:26.8
77,Sample,0.3676,14/01/2026 17:04:26.9,0.3676
77,Max,0.3676,14/01/2026 17:04:26.9
77,Min,0.3676,14/01/2026 17:04:26.9
78,Sample,0.34,14/01/2026 17:04:27.0,0.336777272727273
78,Max,0.3429,14/01/2026 17:04:27.2
78,Min,0.3328,14/01/2026 17:04:27.5
79,Sample,0.3587,14/01/2026 17:04:29.2,0.3587
79,Max,0.3587,14/01/2026 17:04:29.2
79,Min,0.3587,14/01/2026 17:04:29.2
80,Sample,0.3359,14/01/2026 17:04:29.3,0.336990909090909
80,Min,0.3309,14/01/2026 17:04:29.5
80,Max,0.3464,14/01/2026 17:04:30.2
81,Sample,0.3433,14/01/2026 17:04:30.4,0.337450526315789
81,Max,0.3522,14/01/2026 17:04:32.8
81,Min,0.33,14/01/2026 17:04:34.2
82,Sample,0.341,14/01/2026 17:04:40.4,0.337676666666667
82,Min,0.3311,14/01/2026 17:04:41.9
82,Max,0.3516,14/01/2026 17:04:42.1
83,Sample,0.362,14/01/2026 17:04:49.5,0.362
83,Max,0.362,14/01/2026 17:04:49.5
83,Min,0.362,14/01/2026 17:04:49.5
84,Sample,0.3349,14/01/2026 17:04:50.0,0.33706
84,Max,0.3437,14/01/2026 17:04:50.3
84,Min,0.3333,14/01/2026 17:04:50.4
85,Sample,0.3319,14/01/2026 17:04:50.5,0.33385
85,Min,0.3316,14/01/2026 17:04:50.6
85,Max,0.3385,14/01/2026 17:04:51.2
86,Sample,0.3498,14/01/2026 17:04:51.3,0.338802197802198
86,Max,0.3531,14/01/2026 17:04:56.2
86,Min,0.3304,14/01/2026 17:04:59.5
87,Sample,0.3346,14/01/2026 17:05:00.4,0.337169230769231
87,Min,0.332,14/01/2026 17:05:00.8
87,Max,0.3465,14/01/2026 17:05:01.6
88,Sample,0.3523,14/01/2026 17:05:01.7,0.33946265060241
88,Max,0.3555,14/01/2026 17:05:03.7
88,Min,0.332,14/01/2026 17:05:06.6
89,Sample,0.3453,14/01/2026 17:05:10.5,0.340176470588235
89,Min,0.3316,14/01/2026 17:05:12.7
89,Max,0.3516,14/01/2026 17:05:17.3
90,Sample,0.3748,14/01/2026 17:05:17.7,0.3748
90,Max,0.3748,14/01/2026 17:05:17.7
90,Min,0.3748,14/01/2026 17:05:17.7
91,Sample,0.3477,14/01/2026 17:05:17.8,0.338742307692308
91,Max,0.3582,14/01/2026 17:05:18.1
91,Min,0.3313,14/01/2026 17:05:19.7
92,Sample,0.3442,14/01/2026 17:05:20.4,0.350685714285714
92,Min,0.3438,14/01/2026 17:05:20.5
92,Max,0.3688,14/01/2026 17:05:20.9
93,Sample,0.3355,14/01/2026 17:05:21.1,0.340054901960784
93,Max,0.3544,14/01/2026 17:05:23.6
93,Min,0.3291,14/01/2026 17:05:24.8
94,Sample,0.3665,14/01/2026 17:05:26.3,0.357375
94,Min,0.3365,14/01/2026 17:05:26.4
94,Max,0.3838,14/01/2026 17:05:26.9
95,Sample,0.3468,14/01/2026 17:05:27.1,0.340775862068966
95,Max,0.3513,14/01/2026 17:05:29.2
95,Min,0.3299,14/01/2026 17:05:29.9
96,Sample,0.3347,14/01/2026 17:05:30.4,0.339431578947368
96,Min,0.3322,14/01/2026 17:05:30.5
96,Max,0.3477,14/01/2026 17:05:32.2
97,Sample,0.356,14/01/2026 17:05:32.3,0.340784
97,Max,0.356,14/01/2026 17:05:32.3
97,Min,0.3343,14/01/2026 17:05:34.7
98,Sample,0.3335,14/01/2026 17:05:34.8,0.3378125
98,Min,0.3298,14/01/2026 17:05:34.9
98,Max,0.3445,14/01/2026 17:05:36.9
99,Sample,0.3519,14/01/2026 17:05:37.2,0.342189285714286
99,Min,0.3332,14/01/2026 17:05:37.4
99,Max,0.3527,14/01/2026 17:05:40.3
100,Sample,0.3354,14/01/2026 17:05:40.5,0.338770707070707
100,Max,0.3546,14/01/2026 17:05:43.0
100,Min,0.3291,14/01/2026 17:05:50.1
101,Sample,0.3348,14/01/2026 17:05:50.4,0.339310416666667
101,Max,0.3531,14/01/2026 17:05:52.2
101,Min,0.3311,14/01/2026 17:05:59.6
102,Sample,0.3326,14/01/2026 17:06:00.5,0.338676315789474
102,Min,0.3324,14/01/2026 17:06:00.6
102,Max,0.3474,14/01/2026 17:06:01.0
103,Sample,0.3638,14/01/2026 17:06:04.3,0.34834
103,Max,0.3638,14/01/2026 17:06:04.3
103,Min,0.3427,14/01/2026 17:06:04.7
104,Sample,0.3331,14/01/2026 17:06:04.8,0.3390625
104,Min,0.3321,14/01/2026 17:06:04.9
104,Max,0.3474,14/01/2026 17:06:06.0
105,Sample,0.3512,14/01/2026 17:06:09.2,0.341858333333333
105,Max,0.3516,14/01/2026 17:06:10.2
105,Min,0.334,14/01/2026 17:06:10.3
106,Sample,0.3314,14/01/2026 17:06:10.4,0.336564285714286
106,Min,0.3314,14/01/2026 17:06:10.4
106,Max,0.3455,14/01/2026 17:06:13.1
107,Sample,0.3522,14/01/2026 17:06:13.3,0.343872727272727
107,Max,0.3551,14/01/2026 17:06:13.8
107,Min,0.3346,14/01/2026 17:06:15.0
108,Sample,0.3295,14/01/2026 17:06:15.5,0.3344
108,Min,0.3295,14/01/2026 17:06:15.5
108,Max,0.3468,14/01/2026 17:06:16.3
109,Sample,0.3505,14/01/2026 17:06:17.1,0.340658620689655
109,Max,0.3505,14/01/2026 17:06:17.1
109,Min,0.3324,14/01/2026 17:06:18.1
110,Sample,0.3354,14/01/2026 17:06:20.4,0.339105555555556
110,Min,0.3336,14/01/2026 17:06:21.1
110,Max,0.3493,14/01/2026 17:06:21.6
111,Sample,0.3798,14/01/2026 17:06:22.2,0.3798
111,Max,0.3798,14/01/2026 17:06:22.2
111,Min,0.3798,14/01/2026 17:06:22.2
112,Sample,0.3419,14/01/2026 17:06:22.3,0.34048
112,Min,0.3324,14/01/2026 17:06:22.4
112,Max,0.3516,14/01/2026 17:06:23.2
113,Sample,0.3614,14/01/2026 17:06:23.3,0.347883333333333
113,Max,0.3627,14/01/2026 17:06:23.5
113,Min,0.3342,14/01/2026 17:06:23.7
114,Sample,0.3403,14/01/2026 17:06:23.9,0.338668181818182
114,Min,0.3337,14/01/2026 17:06:25.5
114,Max,0.3483,14/01/2026 17:06:26.0
115,Sample,0.3653,14/01/2026 17:06:26.1,0.3533
115,Min,0.3345,14/01/2026 17:06:26.6
115,Max,0.396,14/01/2026 17:06:26.8
116,Sample,0.3438,14/01/2026 17:06:26.9,0.338147826086957
116,Max,0.3519,14/01/2026 17:06:27.2
116,Min,0.332,14/01/2026 17:06:27.9
117,Sample,0.3682,14/01/2026 17:06:29.3,0.3682
117,Max,0.3682,14/01/2026 17:06:29.3
117,Min,0.3682,14/01/2026 17:06:29.3
118,Sample,0.3427,14/01/2026 17:06:29.4,0.3372625
118,Max,0.343,14/01/2026 17:06:29.5
118,Min,0.3336,14/01/2026 17:06:29.7
119,Sample,0.3456,14/01/2026 17:06:30.6,0.339638775510204
119,Min,0.3284,14/01/2026 17:06:35.7
119,Max,0.3512,14/01/2026 17:06:40.0
120,Sample,0.3433,14/01/2026 17:06:40.4,0.3406875
120,Max,0.3596,14/01/2026 17:06:42.5
120,Min,0.3329,14/01/2026 17:06:50.4
121,Sample,0.3392,14/01/2026 17:06:50.5,0.339244578313253
121,Min,0.3313,14/01/2026 17:06:50.9
121,Max,0.352,14/01/2026 17:06:57.2
122,Sample,0.3539,14/01/2026 17:06:59.2,0.339266666666667
122,Max,0.3539,14/01/2026 17:06:59.2
122,Min,0.3349,14/01/2026 17:07:00.1
123,Sample,0.3465,14/01/2026 17:07:00.5,0.338851578947368
123,Min,0.3317,14/01/2026 17:07:01.1
123,Max,0.3516,14/01/2026 17:07:06.4
124,Sample,0.3445,14/01/2026 17:07:10.4,0.340033
124,Min,0.3319,14/01/2026 17:07:14.5
124,Max,0.3592,14/01/2026 17:07:19.4
125,Sample,0.3444,14/01/2026 17:07:20.9,0.339532692307692
125,Min,0.3324,14/01/2026 17:07:21.8
125,Max,0.3557,14/01/2026 17:07:23.9
126,Sample,0.3667,14/01/2026 17:07:26.1,0.345088888888889
126,Min,0.3339,14/01/2026 17:07:26.3
126,Max,0.367,14/01/2026 17:07:26.9
127,Sample,0.3403,14/01/2026 17:07:27.0,0.340177272727273
127,Max,0.3504,14/01/2026 17:07:27.5
127,Min,0.3338,14/01/2026 17:07:27.8
128,Sample,0.3697,14/01/2026 17:07:29.2,0.3697
128,Max,0.3697,14/01/2026 17:07:29.2
128,Min,0.3697,14/01/2026 17:07:29.2
129,Sample,0.3492,14/01/2026 17:07:29.3,0.345145454545455
129,Max,0.362,14/01/2026 17:07:29.5
129,Min,0.3351,14/01/2026 17:07:30.0
130,Sample,0.3446,14/01/2026 17:07:30.4,0.337487368421053
130,Min,0.3267,14/01/2026 17:07:31.4
130,Max,0.3497,14/01/2026 17:07:34.3
131,Sample,0.3363,14/01/2026 17:07:40.4,0.339512307692308
131,Max,0.3539,14/01/2026 17:07:43.7
131,Min,0.3332,14/01/2026 17:07:44.1
132,Sample,0.3733,14/01/2026 17:07:47.3,0.3733
132,Max,0.3733,14/01/2026 17:07:47.3
132,Min,0.3733,14/01/2026 17:07:47.3
133,Sample,0.3444,14/01/2026 17:07:47.4,0.33731
133,Min,0.3325,14/01/2026 17:07:48.6
133,Max,0.3481,14/01/2026 17:07:50.3
134,Sample,0.337,14/01/2026 17:07:50.5,0.339982222222222
134,Max,0.3504,14/01/2026 17:07:52.0
134,Min,0.3321,14/01/2026 17:07:53.6
135,Sample,0.3638,14/01/2026 17:07:55.0,0.3638
135,Max,0.3638,14/01/2026 17:07:55.0
135,Min,0.3638,14/01/2026 17:07:55.0
136,Sample,0.3451,14/01/2026 17:07:55.1,0.339902325581395
136,Max,0.3483,14/01/2026 17:07:55.3
136,Min,0.3328,14/01/2026 17:07:55.7
137,Sample,0.3787,14/01/2026 17:07:59.8,0.3787
137,Max,0.3787,14/01/2026 17:07:59.8
137,Min,0.3787,14/01/2026 17:07:59.8
138,Sample,0.3466,14/01/2026 17:07:59.9,0.33998
138,Max,0.3466,14/01/2026 17:07:59.9
138,Min,0.3343,14/01/2026 17:08:00.1
139,Sample,0.3371,14/01/2026 17:08:00.4,0.340086842105263
139,Min,0.3304,14/01/2026 17:08:01.8
139,Max,0.3563,14/01/2026 17:08:04.1
140,Sample,0.3608,14/01/2026 17:08:04.2,0.3447
140,Max,0.3608,14/01/2026 17:08:04.2
140,Min,0.3351,14/01/2026 17:08:04.7
141,Sample,0.355,14/01/2026 17:08:05.2,0.339996153846154
141,Min,0.3324,14/01/2026 17:08:06.7
141,Max,0.3676,14/01/2026 17:08:07.3
142,Sample,0.3413,14/01/2026 17:08:10.5,0.338806315789474
142,Min,0.3277,14/01/2026 17:08:12.0
142,Max,0.3574,14/01/2026 17:08:20.2
143,Sample,0.3358,14/01/2026 17:08:20.4,0.341541176470588
143,Min,0.3351,14/01/2026 17:08:20.5
143,Max,0.3543,14/01/2026 17:08:21.3
144,Sample,0.3297,14/01/2026 17:08:22.1,0.339352777777778
144,Min,0.3297,14/01/2026 17:08:22.1
144,Max,0.3488,14/01/2026 17:08:22.5
145,Sample,0.3683,14/01/2026 17:08:26.2,0.354475
145,Min,0.3356,14/01/2026 17:08:26.6
145,Max,0.4051,14/01/2026 17:08:26.9
146,Sample,0.3463,14/01/2026 17:08:27.0,0.338882352941176
146,Min,0.3326,14/01/2026 17:08:28.9
146,Max,0.3552,14/01/2026 17:08:29.6
147,Sample,0.3427,14/01/2026 17:08:30.4,0.350233333333333
147,Min,0.3419,14/01/2026 17:08:30.5
147,Max,0.3661,14/01/2026 17:08:30.6
148,Sample,0.342,14/01/2026 17:08:30.7,0.338633333333333
148,Min,0.332,14/01/2026 17:08:37.3
148,Max,0.3539,14/01/2026 17:08:39.3
149,Sample,0.3403,14/01/2026 17:08:40.5,0.338661052631579
149,Max,0.3563,14/01/2026 17:08:44.5
149,Min,0.3313,14/01/2026 17:08:47.0
150,Sample,0.3355,14/01/2026 17:08:50.4,0.338205
150,Min,0.3328,14/01/2026 17:08:52.8
150,Max,0.3511,14/01/2026 17:08:54.2
151,Sample,0.3359,14/01/2026 17:09:00.5,0.338781052631579
151,Max,0.3516,14/01/2026 17:09:02.6
151,Min,0.3314,14/01/2026 17:09:07.7
152,Sample,0.3333,14/01/2026 17:09:10.4,0.339034375
152,Max,0.3491,14/01/2026 17:09:14.3
152,Min,0.333,14/01/2026 17:09:15.9
153,Sample,0.358,14/01/2026 17:09:17.3,0.341506451612903
153,Max,0.358,14/01/2026 17:09:17.3
153,Min,0.3349,14/01/2026 17:09:17.6
154,Sample,0.3337,14/01/2026 17:09:20.4,0.338656666666667
154,Min,0.3323,14/01/2026 17:09:21.1
154,Max,0.3518,14/01/2026 17:09:26.7
155,Sample,0.3702,14/01/2026 17:09:26.8,0.3702
155,Max,0.3702,14/01/2026 17:09:26.8
155,Min,0.3702,14/01/2026 17:09:26.8
156,Sample,0.3356,14/01/2026 17:09:26.9,0.339060869565217
156,Min,0.333,14/01/2026 17:09:27.1
156,Max,0.3432,14/01/2026 17:09:28.2
157,Sample,0.3592,14/01/2026 17:09:29.3,0.3592
157,Max,0.3592,14/01/2026 17:09:29.3
157,Min,0.3592,14/01/2026 17:09:29.3
158,Sample,0.3392,14/01/2026 17:09:29.4,0.339463636363636
158,Max,0.3533,14/01/2026 17:09:29.6
158,Min,0.3353,14/01/2026 17:09:30.1
159,Sample,0.3373,14/01/2026 17:09:30.5,0.338485263157895
159,Max,0.3531,14/01/2026 17:09:37.5
159,Min,0.3325,14/01/2026 17:09:38.6
160,Sample,0.3428,14/01/2026 17:09:40.4,0.338882
160,Min,0.3304,14/01/2026 17:09:43.1
160,Max,0.3514,14/01/2026 17:09:45.2
161,Sample,0.3461,14/01/2026 17:09:50.5,0.338775
161,Max,0.3461,14/01/2026 17:09:50.5
161,Min,0.3339,14/01/2026 17:09:51.0
162,Sample,0.3706,14/01/2026 17:09:54.9,0.3706
162,Max,0.3706,14/01/2026 17:09:54.9
162,Min,0.3706,14/01/2026 17:09:54.9
163,Sample,0.3448,14/01/2026 17:09:55.0,0.338101851851852
163,Min,0.3327,14/01/2026 17:09:55.4
163,Max,0.3522,14/01/2026 17:09:59.2
164,Sample,0.3356,14/01/2026 17:10:00.4,0.33772
164,Min,0.3312,14/01/2026 17:10:08.6
164,Max,0.3486,14/01/2026 17:10:09.7
165,Sample,0.3364,14/01/2026 17:10:10.4,0.33865652173913
165,Min,0.3312,14/01/2026 17:10:13.4
165,Max,0.3536,14/01/2026 17:10:17.2
166,Sample,0.3563,14/01/2026 17:10:17.7,0.3563
166,Max,0.3563,14/01/2026 17:10:17.7
166,Min,0.3563,14/01/2026 17:10:17.7
167,Sample,0.3326,14/01/2026 17:10:17.8,0.3367
167,Min,0.3309,14/01/2026 17:10:18.7
167,Max,0.3477,14/01/2026 17:10:20.3
168,Sample,0.3409,14/01/2026 17:10:20.5,0.339883333333333
168,Min,0.333,14/01/2026 17:10:20.9
168,Max,0.3567,14/01/2026 17:10:23.2
169,Sample,0.3623,14/01/2026 17:10:23.5,0.3623
169,Max,0.3623,14/01/2026 17:10:23.5
169,Min,0.3623,14/01/2026 17:10:23.5
170,Sample,0.3361,14/01/2026 17:10:23.6,0.339436363636364
170,Min,0.3327,14/01/2026 17:10:24.1
170,Max,0.354,14/01/2026 17:10:26.2
171,Sample,0.4047,14/01/2026 17:10:26.9,0.4047
171,Max,0.4047,14/01/2026 17:10:26.9
171,Min,0.4047,14/01/2026 17:10:26.9
172,Sample,0.3401,14/01/2026 17:10:27.0,0.337823333333333
172,Min,0.3332,14/01/2026 17:10:28.7
172,Max,0.3472,14/01/2026 17:10:30.2
173,Sample,0.3401,14/01/2026 17:10:30.4,0.338207
173,Min,0.3293,14/01/2026 17:10:36.2
173,Max,0.3565,14/01/2026 17:10:37.6
174,Sample,0.3344,14/01/2026 17:10:40.5,0.337732631578947
174,Min,0.3292,14/01/2026 17:10:43.9
174,Max,0.3487,14/01/2026 17:10:45.6
175,Sample,0.3373,14/01/2026 17:10:50.4,0.338229268292683
175,Max,0.3501,14/01/2026 17:10:52.1
175,Min,0.3306,14/01/2026 17:10:54.1
176,Sample,0.36,14/01/2026 17:10:55.0,0.36
176,Max,0.36,14/01/2026 17:10:55.0
176,Min,0.36,14/01/2026 17:10:55.0
177,Sample,0.3364,14/01/2026 17:10:55.1,0.338128301886792
177,Max,0.3464,14/01/2026 17:10:56.3
177,Min,0.3272,14/01/2026 17:10:59.1
178,Sample,0.3358,14/01/2026 17:11:00.4,0.338328409090909
178,Min,0.3324,14/01/2026 17:11:04.9
178,Max,0.3499,14/01/2026 17:11:06.2
179,Sample,0.3728,14/01/2026 17:11:09.7,0.3728
179,Max,0.3728,14/01/2026 17:11:09.7
179,Min,0.3728,14/01/2026 17:11:09.7
180,Sample,0.3426,14/01/2026 17:11:09.8,0.340742857142857
180,Max,0.3458,14/01/2026 17:11:10.3
180,Min,0.334,14/01/2026 17:11:10.4
181,Sample,0.333,14/01/2026 17:11:10.5,0.337365277777778
181,Max,0.3518,14/01/2026 17:11:14.3
181,Min,0.3324,14/01/2026 17:11:16.1
182,Sample,0.3559,14/01/2026 17:11:17.7,0.341465217391304
182,Min,0.3349,14/01/2026 17:11:18.5
182,Max,0.3563,14/01/2026 17:11:18.7
183,Sample,0.3351,14/01/2026 17:11:20.4,0.338296666666667
183,Max,0.3527,14/01/2026 17:11:23.4
183,Min,0.3322,14/01/2026 17:11:24.5
184,Sample,0.3568,14/01/2026 17:11:26.5,0.348528571428571
184,Max,0.3681,14/01/2026 17:11:26.9
184,Min,0.3364,14/01/2026 17:11:27.1
185,Sample,0.3336,14/01/2026 17:11:27.2,0.337248484848485
185,Max,0.3438,14/01/2026 17:11:29.3
185,Min,0.3323,14/01/2026 17:11:29.6
186,Sample,0.3355,14/01/2026 17:11:30.5,0.338438947368421
186,Min,0.3311,14/01/2026 17:11:34.6
186,Max,0.3512,14/01/2026 17:11:39.4
187,Sample,0.3333,14/01/2026 17:11:40.4,0.33924
187,Min,0.3333,14/01/2026 17:11:40.4
187,Max,0.3487,14/01/2026 17:11:41.3
188,Sample,0.3672,14/01/2026 17:11:42.0,0.3672
188,Max,0.3672,14/01/2026 17:11:42.0
188,Min,0.3672,14/01/2026 17:11:42.0
189,Sample,0.337,14/01/2026 17:11:42.1,0.338339240506329
189,Min,0.3327,14/01/2026 17:11:45.1
189,Max,0.3534,14/01/2026 17:11:47.6
190,Sample,0.3337,14/01/2026 17:11:50.4,0.337682291666667
190,Max,0.3518,14/01/2026 17:11:53.2
190,Min,0.3321,14/01/2026 17:11:56.5
191,Sample,0.3372,14/01/2026 17:12:00.5,0.338433333333333
191,Max,0.3444,14/01/2026 17:12:02.4
191,Min,0.3329,14/01/2026 17:12:02.6
192,Sample,0.3606,14/01/2026 17:12:02.9,0.3606
192,Max,0.3606,14/01/2026 17:12:02.9
192,Min,0.3606,14/01/2026 17:12:02.9
193,Sample,0.3405,14/01/2026 17:12:03.0,0.337648571428571
193,Max,0.347,14/01/2026 17:12:08.2
193,Min,0.3324,14/01/2026 17:12:08.5
194,Sample,0.3345,14/01/2026 17:12:10.4,0.339158823529412
194,Max,0.3507,14/01/2026 17:12:13.7
194,Min,0.3327,14/01/2026 17:12:14.5
195,Sample,0.3688,14/01/2026 17:12:15.6,0.3688
195,Max,0.3688,14/01/2026 17:12:15.6
195,Min,0.3688,14/01/2026 17:12:15.6
196,Sample,0.3361,14/01/2026 17:12:15.7,0.33965625
196,Min,0.334,14/01/2026 17:12:15.8
196,Max,0.3468,14/01/2026 17:12:17.2
197,Sample,0.3563,14/01/2026 17:12:17.3,0.338371875
197,Max,0.3563,14/01/2026 17:12:17.3
197,Min,0.333,14/01/2026 17:12:19.1
198,Sample,0.3394,14/01/2026 17:12:20.5,0.339127777777778
198,Min,0.3344,14/01/2026 17:12:21.9
198,Max,0.3526,14/01/2026 17:12:22.1
199,Sample,0.3633,14/01/2026 17:12:22.7,0.348555555555556
199,Min,0.3367,14/01/2026 17:12:23.1
199,Max,0.364,14/01/2026 17:12:23.3
200,Sample,0.3361,14/01/2026 17:12:23.6,0.339042857142857
200,Min,0.3328,14/01/2026 17:12:26.4
200,Max,0.3513,14/01/2026 17:12:26.7
201,Sample,0.3661,14/01/2026 17:12:27.1,0.35805
201,Max,0.3661,14/01/2026 17:12:27.1
201,Min,0.35,14/01/2026 17:12:27.2
202,Sample,0.338,14/01/2026 17:12:27.3,0.339189473684211
202,Min,0.3343,14/01/2026 17:12:27.5
202,Max,0.3513,14/01/2026 17:12:28.2
203,Sample,0.3837,14/01/2026 17:12:29.2,0.35995
203,Max,0.3837,14/01/2026 17:12:29.2
203,Min,0.3417,14/01/2026 17:12:29.4
204,Sample,0.3447,14/01/2026 17:12:29.6,0.340325
204,Max,0.3447,14/01/2026 17:12:29.6
204,Min,0.3344,14/01/2026 17:12:30.0
205,Sample,0.3351,14/01/2026 17:12:30.4,0.337713559322034
205,Min,0.332,14/01/2026 17:12:35.4
205,Max,0.352,14/01/2026 17:12:36.7
206,Sample,0.3533,14/01/2026 17:12:36.8,0.338609090909091
206,Min,0.3318,14/01/2026 17:12:37.1
206,Max,0.355,14/01/2026 17:12:37.8
207,Sample,0.3355,14/01/2026 17:12:37.9,0.335190909090909
207,Min,0.3321,14/01/2026 17:12:38.0
207,Max,0.3454,14/01/2026 17:12:38.7
208,Sample,0.3627,14/01/2026 17:12:39.0,0.3627
208,Max,0.3627,14/01/2026 17:12:39.0
208,Min,0.3627,14/01/2026 17:12:39.0
209,Sample,0.3349,14/01/2026 17:12:39.1,0.336830769230769
209,Min,0.3335,14/01/2026 17:12:39.5
209,Max,0.3496,14/01/2026 17:12:39.8
210,Sample,0.3288,14/01/2026 17:12:40.4,0.340057142857143
210,Min,0.3288,14/01/2026 17:12:40.4
210,Max,0.3566,14/01/2026 17:12:41.0
211,Sample,0.3363,14/01/2026 17:12:41.1,0.336570731707317
211,Max,0.355,14/01/2026 17:12:42.0
211,Min,0.3313,14/01/2026 17:12:42.8
212,Sample,0.3618,14/01/2026 17:12:45.2,0.342018181818182
212,Min,0.3323,14/01/2026 17:12:45.5
212,Max,0.3647,14/01/2026 17:12:46.2
213,Sample,0.3378,14/01/2026 17:12:46.3,0.33746
213,Max,0.3462,14/01/2026 17:12:47.4
213,Min,0.3328,14/01/2026 17:12:48.2
214,Sample,0.3603,14/01/2026 17:12:48.3,0.3603
214,Max,0.3603,14/01/2026 17:12:48.3
214,Min,0.3603,14/01/2026 17:12:48.3
215,Sample,0.3395,14/01/2026 17:12:48.4,0.339442857142857
215,Min,0.3327,14/01/2026 17:12:49.1
215,Max,0.3501,14/01/2026 17:12:50.2
216,Sample,0.3382,14/01/2026 17:12:50.5,0.3412
216,Min,0.3325,14/01/2026 17:12:50.6
216,Max,0.3484,14/01/2026 17:12:50.8
217,Sample,0.3595,14/01/2026 17:12:51.0,0.3406125
217,Max,0.3595,14/01/2026 17:12:51.0
217,Min,0.3355,14/01/2026 17:12:52.7
218,Sample,0.3342,14/01/2026 17:12:53.4,0.338719696969697
218,Min,0.3329,14/01/2026 17:12:53.9
218,Max,0.35,14/01/2026 17:12:54.0
219,Sample,0.3346,14/01/2026 17:13:00.4,0.338396739130435
219,Max,0.3508,14/01/2026 17:13:03.2
219,Min,0.3325,14/01/2026 17:13:06.7
220,Sample,0.3697,14/01/2026 17:13:09.7,0.3697
220,Max,0.3697,14/01/2026 17:13:09.7
220,Min,0.3697,14/01/2026 17:13:09.7
221,Sample,0.3379,14/01/2026 17:13:09.8,0.33705
221,Max,0.3383,14/01/2026 17:13:10.0
221,Min,0.3351,14/01/2026 17:13:10.1
222,Sample,0.3343,14/01/2026 17:13:10.4,0.338121875
222,Min,0.3328,14/01/2026 17:13:10.9
222,Max,0.3513,14/01/2026 17:13:17.7
223,Sample,0.3361,14/01/2026 17:13:20.5,0.338818
223,Min,0.3325,14/01/2026 17:13:23.1
223,Max,0.3513,14/01/2026 17:13:23.5
224,Sample,0.3648,14/01/2026 17:13:25.9,0.350315384615385
224,Min,0.3349,14/01/2026 17:13:26.0
224,Max,0.3828,14/01/2026 17:13:27.1
225,Sample,0.3492,14/01/2026 17:13:27.2,0.337803125
225,Min,0.3325,14/01/2026 17:13:29.1
225,Max,0.3511,14/01/2026 17:13:29.2
226,Sample,0.3346,14/01/2026 17:13:30.4,0.33845
226,Min,0.3342,14/01/2026 17:13:30.5
226,Max,0.342,14/01/2026 17:13:31.0
227,Sample,0.3524,14/01/2026 17:13:31.2,0.339226136363636
227,Max,0.3524,14/01/2026 17:13:31.2
227,Min,0.3291,14/01/2026 17:13:36.1
228,Sample,0.3375,14/01/2026 17:13:40.5,0.336439130434783
228,Max,0.3486,14/01/2026 17:13:44.2
228,Min,0.332,14/01/2026 17:13:45.8
229,Sample,0.3557,14/01/2026 17:13:47.4,0.340513793103448
229,Max,0.3557,14/01/2026 17:13:47.4
229,Min,0.3356,14/01/2026 17:13:49.8
230,Sample,0.3434,14/01/2026 17:13:50.7,0.337628571428571
230,Min,0.333,14/01/2026 17:13:51.7
230,Max,0.3465,14/01/2026 17:13:51.9
231,Sample,0.3642,14/01/2026 17:13:52.1,0.350175
231,Max,0.3642,14/01/2026 17:13:52.1
231,Min,0.34,14/01/2026 17:13:52.4
232,Sample,0.3377,14/01/2026 17:13:52.5,0.338694871794872
232,Max,0.3501,14/01/2026 17:13:53.3
232,Min,0.3332,14/01/2026 17:13:58.8
233,Sample,0.3378,14/01/2026 17:14:00.4,0.338992708333333
233,Min,0.3317,14/01/2026 17:14:01.5
233,Max,0.3503,14/01/2026 17:14:09.7
234,Sample,0.3336,14/01/2026 17:14:10.5,0.338230158730159
234,Max,0.3499,14/01/2026 17:14:11.3
234,Min,0.3312,14/01/2026 17:14:16.7
235,Sample,0.355,14/01/2026 17:14:17.2,0.34113125
235,Max,0.3663,14/01/2026 17:14:17.7
235,Min,0.3343,14/01/2026 17:14:20.3
236,Sample,0.3339,14/01/2026 17:14:20.4,0.337901754385965
236,Min,0.3326,14/01/2026 17:14:20.9
236,Max,0.351,14/01/2026 17:14:23.2
237,Sample,0.3697,14/01/2026 17:14:26.2,0.345654545454545
237,Min,0.3316,14/01/2026 17:14:26.9
237,Max,0.3755,14/01/2026 17:14:27.1
238,Sample,0.3476,14/01/2026 17:14:27.3,0.340114285714286
238,Min,0.3339,14/01/2026 17:14:27.9
238,Max,0.3541,14/01/2026 17:14:29.3
239,Sample,0.3418,14/01/2026 17:14:30.5,0.338525274725275
239,Max,0.3562,14/01/2026 17:14:32.6
239,Min,0.3304,14/01/2026 17:14:36.9
240,Sample,0.3649,14/01/2026 17:14:39.6,0.3649
240,Max,0.3649,14/01/2026 17:14:39.6
240,Min,0.3649,14/01/2026 17:14:39.6
241,Sample,0.335,14/01/2026 17:14:39.7,0.3357
241,Min,0.3325,14/01/2026 17:14:40.1
241,Max,0.3416,14/01/2026 17:14:40.2
242,Sample,0.3429,14/01/2026 17:14:40.4,0.340013684210526
242,Max,0.3508,14/01/2026 17:14:41.4
242,Min,0.3331,14/01/2026 17:14:44.0
243,Sample,0.3427,14/01/2026 17:14:50.4,0.340020833333333
243,Max,0.3538,14/01/2026 17:14:54.2
243,Min,0.3337,14/01/2026 17:14:56.4
244,Sample,0.3343,14/01/2026 17:15:00.5,0.336671428571429
244,Min,0.333,14/01/2026 17:15:00.9
244,Max,0.3438,14/01/2026 17:15:02.8
245,Sample,0.3612,14/01/2026 17:15:03.3,0.3612
245,Max,0.3612,14/01/2026 17:15:03.3
245,Min,0.3612,14/01/2026 17:15:03.3
246,Sample,0.3411,14/01/2026 17:15:03.4,0.338787878787879
246,Min,0.3329,14/01/2026 17:15:07.5
246,Max,0.349,14/01/2026 17:15:08.2
247,Sample,0.3357,14/01/2026 17:15:10.4,0.3383625
247,Max,0.3524,14/01/2026 17:15:17.3
247,Min,0.3292,14/01/2026 17:15:17.5
248,Sample,0.3397,14/01/2026 17:15:20.5,0.337773684210526
248,Max,0.3469,14/01/2026 17:15:23.5
248,Min,0.3323,14/01/2026 17:15:23.9
249,Sample,0.3672,14/01/2026 17:15:26.2,0.346522222222222
249,Min,0.3346,14/01/2026 17:15:26.9
249,Max,0.3772,14/01/2026 17:15:27.0
250,Sample,0.347,14/01/2026 17:15:27.1,0.337695238095238
250,Max,0.347,14/01/2026 17:15:27.1
250,Min,0.3296,14/01/2026 17:15:27.6
251,Sample,0.3823,14/01/2026 17:15:29.2,0.35765
251,Max,0.3823,14/01/2026 17:15:29.2
251,Min,0.3388,14/01/2026 17:15:29.4
252,Sample,0.337,14/01/2026 17:15:29.6,0.3380875
252,Min,0.3326,14/01/2026 17:15:29.9
252,Max,0.3467,14/01/2026 17:15:30.2
253,Sample,0.3389,14/01/2026 17:15:30.4,0.338497959183673
253,Max,0.3487,14/01/2026 17:15:33.4
253,Min,0.3323,14/01/2026 17:15:35.7
254,Sample,0.3574,14/01/2026 17:15:35.8,0.3574
254,Max,0.3574,14/01/2026 17:15:35.8
254,Min,0.3574,14/01/2026 17:15:35.8
255,Sample,0.3377,14/01/2026 17:15:35.9,0.339048888888889
255,Min,0.3324,14/01/2026 17:15:36.1
255,Max,0.3504,14/01/2026 17:15:38.2
256,Sample,0.3386,14/01/2026 17:15:40.4,0.338229166666667
256,Min,0.3263,14/01/2026 17:15:42.8
256,Max,0.3533,14/01/2026 17:15:44.2
257,Sample,0.3388,14/01/2026 17:15:50.5,0.337646315789474
257,Min,0.3321,14/01/2026 17:15:58.9
257,Max,0.3493,14/01/2026 17:16:00.2
258,Sample,0.3349,14/01/2026 17:16:00.4,0.337628409090909
258,Max,0.3496,14/01/2026 17:16:01.2
258,Min,0.3324,14/01/2026 17:16:04.9
259,Sample,0.3716,14/01/2026 17:16:09.7,0.3716
259,Max,0.3716,14/01/2026 17:16:09.7
259,Min,0.3716,14/01/2026 17:16:09.7
260,Sample,0.3404,14/01/2026 17:16:09.8,0.338171428571429
260,Max,0.3416,14/01/2026 17:16:10.0
260,Min,0.3329,14/01/2026 17:16:10.4
261,Sample,0.3325,14/01/2026 17:16:10.5,0.3371875
261,Min,0.3318,14/01/2026 17:16:10.8
261,Max,0.3495,14/01/2026 17:16:14.2
262,Sample,0.3643,14/01/2026 17:16:17.7,0.3643
262,Max,0.3643,14/01/2026 17:16:17.7
262,Min,0.3643,14/01/2026 17:16:17.7
263,Sample,0.3406,14/01/2026 17:16:17.8,0.338846153846154
263,Min,0.3349,14/01/2026 17:16:18.0
263,Max,0.344,14/01/2026 17:16:18.5
264,Sample,0.3392,14/01/2026 17:16:20.4,0.338507368421053
264,Max,0.3592,14/01/2026 17:16:23.5
264,Min,0.3274,14/01/2026 17:16:28.4
265,Sample,0.3354,14/01/2026 17:16:30.4,0.338051041666667
265,Max,0.3529,14/01/2026 17:16:32.3
265,Min,0.3293,14/01/2026 17:16:38.6
266,Sample,0.3334,14/01/2026 17:16:40.5,0.337892631578947
266,Min,0.3318,14/01/2026 17:16:44.8
266,Max,0.3506,14/01/2026 17:16:48.5
267,Sample,0.3383,14/01/2026 17:16:50.4,0.336214117647059
267,Max,0.348,14/01/2026 17:16:53.2
267,Min,0.3311,14/01/2026 17:16:56.5
268,Sample,0.3585,14/01/2026 17:16:59.4,0.3585
268,Max,0.3585,14/01/2026 17:16:59.4
268,Min,0.3585,14/01/2026 17:16:59.4
269,Sample,0.3382,14/01/2026 17:16:59.5,0.33659
269,Min,0.3347,14/01/2026 17:16:59.9
269,Max,0.3402,14/01/2026 17:17:00.2
270,Sample,0.3497,14/01/2026 17:17:00.5,0.337376190476191
270,Max,0.3504,14/01/2026 17:17:06.2
270,Min,0.3319,14/01/2026 17:17:08.8
271,Sample,0.3275,14/01/2026 17:17:08.9,0.3386625
271,Min,0.3275,14/01/2026 17:17:08.9
271,Max,0.3628,14/01/2026 17:17:09.6
272,Sample,0.3369,14/01/2026 17:17:09.7,0.335114285714286
272,Min,0.3333,14/01/2026 17:17:10.1
272,Max,0.3411,14/01/2026 17:17:10.2
273,Sample,0.3347,14/01/2026 17:17:10.4,0.337140625
273,Max,0.3475,14/01/2026 17:17:12.3
273,Min,0.3317,14/01/2026 17:17:14.1
274,Sample,0.3604,14/01/2026 17:17:17.3,0.3604
274,Max,0.3604,14/01/2026 17:17:17.3
274,Min,0.3604,14/01/2026 17:17:17.3
275,Sample,0.338,14/01/2026 17:17:17.4,0.33636
275,Max,0.3522,14/01/2026 17:17:17.7
275,Min,0.3301,14/01/2026 17:17:19.1
276,Sample,0.3323,14/01/2026 17:17:20.4,0.337203636363636
276,Min,0.3323,14/01/2026 17:17:20.4
276,Max,0.3485,14/01/2026 17:17:21.2
277,Sample,0.3679,14/01/2026 17:17:26.3,0.345111111111111
277,Min,0.3318,14/01/2026 17:17:26.7
277,Max,0.3771,14/01/2026 17:17:27.0
278,Sample,0.3404,14/01/2026 17:17:27.3,0.33718
278,Max,0.3462,14/01/2026 17:17:28.3
278,Min,0.3312,14/01/2026 17:17:29.2
279,Sample,0.3686,14/01/2026 17:17:29.3,0.3686
279,Max,0.3686,14/01/2026 17:17:29.3
279,Min,0.3686,14/01/2026 17:17:29.3
280,Sample,0.3488,14/01/2026 17:17:29.4,0.338863636363636
280,Max,0.3488,14/01/2026 17:17:29.4
280,Min,0.3336,14/01/2026 17:17:30.1
281,Sample,0.3365,14/01/2026 17:17:30.5,0.336623157894737
281,Min,0.3312,14/01/2026 17:17:31.0
281,Max,0.3492,14/01/2026 17:17:39.2
282,Sample,0.3411,14/01/2026 17:17:40.4,0.336582105263158
282,Max,0.3516,14/01/2026 17:17:46.9
282,Min,0.3315,14/01/2026 17:17:48.8
283,Sample,0.3378,14/01/2026 17:17:50.4,0.336865
283,Min,0.328,14/01/2026 17:17:54.5
283,Max,0.3486,14/01/2026 17:17:56.2
284,Sample,0.3382,14/01/2026 17:18:00.4,0.336165573770492
284,Max,0.3432,14/01/2026 17:18:02.4
284,Min,0.3309,14/01/2026 17:18:06.5
285,Sample,0.3692,14/01/2026 17:18:07.0,0.3692
285,Max,0.3692,14/01/2026 17:18:07.0
285,Min,0.3692,14/01/2026 17:18:07.0
286,Sample,0.3358,14/01/2026 17:18:07.1,0.337884848484848
286,Min,0.333,14/01/2026 17:18:07.5
286,Max,0.3492,14/01/2026 17:18:09.2
287,Sample,0.3326,14/01/2026 17:18:10.4,0.3359421875
287,Min,0.3312,14/01/2026 17:18:11.5
287,Max,0.3482,14/01/2026 17:18:13.5
288,Sample,0.3531,14/01/2026 17:18:17.3,0.33744375
288,Max,0.3531,14/01/2026 17:18:17.3
288,Min,0.3314,14/01/2026 17:18:17.6
289,Sample,0.3344,14/01/2026 17:18:20.5,0.338833333333333
289,Min,0.3342,14/01/2026 17:18:20.9
289,Max,0.3473,14/01/2026 17:18:21.3
290,Sample,0.3674,14/01/2026 17:18:21.7,0.3674
290,Max,0.3674,14/01/2026 17:18:21.7
290,Min,0.3674,14/01/2026 17:18:21.7
291,Sample,0.3442,14/01/2026 17:18:21.8,0.338133333333333
291,Min,0.3303,14/01/2026 17:18:24.9
291,Max,0.3529,14/01/2026 17:18:26.2
292,Sample,0.3679,14/01/2026 17:18:26.6,0.3679
292,Max,0.3679,14/01/2026 17:18:26.6
292,Min,0.3679,14/01/2026 17:18:26.6
293,Sample,0.3372,14/01/2026 17:18:26.7,0.337347619047619
293,Min,0.3312,14/01/2026 17:18:28.6
293,Max,0.356,14/01/2026 17:18:29.1
294,Sample,0.3768,14/01/2026 17:18:29.2,0.341054545454546
294,Max,0.3768,14/01/2026 17:18:29.2
294,Min,0.3285,14/01/2026 17:18:29.9
295,Sample,0.3404,14/01/2026 17:18:30.3,0.3404
295,Max,0.3404,14/01/2026 17:18:30.3
295,Min,0.3404,14/01/2026 17:18:30.3
296,Sample,0.3385,14/01/2026 17:18:30.4,0.3369
296,Max,0.352,14/01/2026 17:18:34.1
296,Min,0.3282,14/01/2026 17:18:40.1
297,Sample,0.3382,14/01/2026 17:18:40.4,0.337395555555556
297,Min,0.3318,14/01/2026 17:18:41.0
297,Max,0.3449,14/01/2026 17:18:44.2
298,Sample,0.3572,14/01/2026 17:18:44.9,0.339590909090909
298,Max,0.3572,14/01/2026 17:18:44.9
298,Min,0.3323,14/01/2026 17:18:45.9
299,Sample,0.3317,14/01/2026 17:18:46.0,0.336336363636364
299,Min,0.3317,14/01/2026 17:18:46.0
299,Max,0.3447,14/01/2026 17:18:48.0
300,Sample,0.3518,14/01/2026 17:18:48.2,0.341318181818182
300,Min,0.3349,14/01/2026 17:18:48.5
300,Max,0.3542,14/01/2026 17:18:49.2
301,Sample,0.334,14/01/2026 17:18:50.5,0.336649473684211
301,Max,0.3465,14/01/2026 17:18:58.2
301,Min,0.3297,14/01/2026 17:19:00.3
302,Sample,0.3323,14/01/2026 17:19:00.4,0.337041666666667
302,Max,0.3503,14/01/2026 17:19:01.2
302,Min,0.3314,14/01/2026 17:19:03.4
303,Sample,0.3773,14/01/2026 17:19:09.3,0.3773
303,Max,0.3773,14/01/2026 17:19:09.3
303,Min,0.3773,14/01/2026 17:19:09.3
304,Sample,0.3353,14/01/2026 17:19:09.4,0.337309090909091
304,Min,0.3317,14/01/2026 17:19:09.5
304,Max,0.3487,14/01/2026 17:19:09.7
305,Sample,0.333,14/01/2026 17:19:10.5,0.337915789473684
305,Max,0.3511,14/01/2026 17:19:12.1
305,Min,0.3312,14/01/2026 17:19:14.0
306,Sample,0.332,14/01/2026 17:19:20.4,0.335733333333333
306,Min,0.3294,14/01/2026 17:19:20.6
306,Max,0.3476,14/01/2026 17:19:23.3
307,Sample,0.3644,14/01/2026 17:19:23.5,0.3644
307,Max,0.3644,14/01/2026 17:19:23.5
307,Min,0.3644,14/01/2026 17:19:23.5
308,Sample,0.3415,14/01/2026 17:19:23.6,0.33912962962963
308,Max,0.3506,14/01/2026 17:19:23.8
308,Min,0.3282,14/01/2026 17:19:25.7
309,Sample,0.3746,14/01/2026 17:19:26.3,0.342033333333333
309,Min,0.3315,14/01/2026 17:19:26.8
309,Max,0.3763,14/01/2026 17:19:27.1
310,Sample,0.3394,14/01/2026 17:19:27.2,0.340575
310,Min,0.3325,14/01/2026 17:19:28.1
310,Max,0.3587,14/01/2026 17:19:29.2
311,Sample,0.3347,14/01/2026 17:19:30.4,0.336158823529412
311,Max,0.3438,14/01/2026 17:19:31.2
311,Min,0.3333,14/01/2026 17:19:31.6
312,Sample,0.3559,14/01/2026 17:19:32.1,0.3489
312,Max,0.3559,14/01/2026 17:19:32.1
312,Min,0.3425,14/01/2026 17:19:32.3
313,Sample,0.3336,14/01/2026 17:19:32.4,0.336506
313,Min,0.3317,14/01/2026 17:19:32.5
313,Max,0.3479,14/01/2026 17:19:36.2
314,Sample,0.3553,14/01/2026 17:19:37.4,0.335766666666667
314,Max,0.3553,14/01/2026 17:19:37.4
314,Min,0.3311,14/01/2026 17:19:38.5
315,Sample,0.3352,14/01/2026 17:19:40.5,0.338495789473684
315,Min,0.3292,14/01/2026 17:19:45.9
315,Max,0.3523,14/01/2026 17:19:47.2
316,Sample,0.3363,14/01/2026 17:19:50.4,0.337140625
316,Max,0.3453,14/01/2026 17:19:54.2
316,Min,0.3318,14/01/2026 17:19:56.6
317,Sample,0.3396,14/01/2026 17:20:00.5,0.336085057471264
317,Min,0.3304,14/01/2026 17:20:02.0
317,Max,0.3539,14/01/2026 17:20:03.2
318,Sample,0.3583,14/01/2026 17:20:09.6,0.3583
318,Max,0.3583,14/01/2026 17:20:09.6
318,Min,0.3583,14/01/2026 17:20:09.6
319,Sample,0.3343,14/01/2026 17:20:09.7,0.334628571428571
319,Min,0.333,14/01/2026 17:20:09.9
319,Max,0.3389,14/01/2026 17:20:10.2
320,Sample,0.3345,14/01/2026 17:20:10.4,0.336596825396825
320,Min,0.3319,14/01/2026 17:20:14.5
320,Max,0.3543,14/01/2026 17:20:16.6
321,Sample,0.3564,14/01/2026 17:20:16.8,0.34404
321,Min,0.3342,14/01/2026 17:20:17.0
321,Max,0.3689,14/01/2026 17:20:17.7
322,Sample,0.3413,14/01/2026 17:20:17.8,0.334041666666667
322,Max,0.3419,14/01/2026 17:20:18.2
322,Min,0.331,14/01/2026 17:20:19.1
323,Sample,0.3372,14/01/2026 17:20:20.6,0.338045161290323
323,Min,0.3305,14/01/2026 17:20:21.4
323,Max,0.3477,14/01/2026 17:20:22.2
324,Sample,0.3675,14/01/2026 17:20:23.7,0.3675
324,Max,0.3675,14/01/2026 17:20:23.7
324,Min,0.3675,14/01/2026 17:20:23.7
325,Sample,0.3355,14/01/2026 17:20:23.8,0.337995454545455
325,Min,0.3311,14/01/2026 17:20:24.8
325,Max,0.3547,14/01/2026 17:20:26.2
326,Sample,0.332,14/01/2026 17:20:30.5,0.337406976744186
326,Min,0.3309,14/01/2026 17:20:31.5
326,Max,0.3493,14/01/2026 17:20:34.2
327,Sample,0.3575,14/01/2026 17:20:35.2,0.34382
327,Max,0.3575,14/01/2026 17:20:35.2
327,Min,0.3332,14/01/2026 17:20:35.6
328,Sample,0.333,14/01/2026 17:20:35.7,0.337274468085106
328,Min,0.3294,14/01/2026 17:20:36.6
328,Max,0.3493,14/01/2026 17:20:37.2
329,Sample,0.3433,14/01/2026 17:20:40.4,0.336633333333333
329,Min,0.3316,14/01/2026 17:20:42.1
329,Max,0.3514,14/01/2026 17:20:46.0
330,Sample,0.3456,14/01/2026 17:20:50.5,
